"","date","all","a014y","a1564y","a6574y","a7584y","a85plusy","mal","fem","inf","ment","cvd","resp","uri","station","f_id","temp"
"1","2007-12-26",1,0,1,0,0,0,1,0,0,0,1,0,0,"Poschiavo",NA,-1.8
"2","2007-12-28",1,0,1,0,0,0,1,0,0,1,0,0,0,"Poschiavo",NA,-3.9
"3","2008-01-05",1,0,0,1,0,0,1,0,0,0,1,0,0,"Poschiavo",NA,-0.5
"4","2008-01-14",1,0,0,0,0,1,1,0,0,0,0,1,0,"Poschiavo",NA,0.4
"5","2008-01-22",1,0,0,0,0,1,0,1,0,0,0,0,1,"Poschiavo",NA,1
"6","2008-01-25",2,0,1,1,0,0,1,1,0,1,0,1,0,"Poschiavo",118,4.1
"7","2008-01-26",1,0,0,0,1,0,1,0,0,0,0,1,0,"Poschiavo",22,0.8
"8","2008-01-28",1,0,1,0,0,0,0,1,0,0,0,0,1,"Poschiavo",75,7.9
"9","2008-02-04",3,0,1,0,1,1,0,3,1,1,1,0,0,"Poschiavo",2,-0.5
"10","2008-02-06",1,0,1,0,0,0,1,0,0,0,1,0,0,"Poschiavo",57,1.8
"11","2008-02-12",1,0,0,0,0,1,1,0,0,0,1,0,0,"Poschiavo",0,-1.7
"12","2008-02-14",1,0,0,0,1,0,0,1,0,0,1,0,0,"Poschiavo",0,-0.7
"13","2008-02-29",1,0,0,0,1,0,0,1,0,0,1,0,0,"Poschiavo",0,4.3
"14","2008-03-01",1,0,1,0,0,0,0,1,0,1,0,0,0,"Poschiavo",58,6
"15","2008-03-03",1,0,0,1,0,0,1,0,0,0,1,0,0,"Poschiavo",1,6.4
"16","2008-03-05",1,0,0,0,0,1,1,0,0,0,0,1,0,"Poschiavo",278,0
"17","2008-03-06",1,0,0,0,1,0,0,1,0,0,1,0,0,"Poschiavo",2,-2.1
"18","2008-03-10",1,0,1,0,0,0,1,0,0,0,0,1,0,"Poschiavo",0,2
"19","2008-03-23",1,0,1,0,0,0,1,0,0,0,1,0,0,"Poschiavo",153,-0.1
"20","2008-04-05",2,1,0,1,0,0,1,1,1,0,1,0,0,"Poschiavo",58,3.8
"21","2008-04-06",1,0,1,0,0,0,1,0,0,1,0,0,0,"Poschiavo",0,2.5
"22","2008-04-10",1,0,0,0,1,0,0,1,0,0,1,0,0,"Poschiavo",0,5.4
"23","2008-04-15",1,0,0,0,1,0,0,1,0,0,0,1,0,"Poschiavo",288,5.4
"24","2008-04-18",1,0,0,0,1,0,0,1,0,0,0,1,0,"Poschiavo",0,4.5
"25","2008-04-19",1,0,1,0,0,0,1,0,0,0,1,0,0,"Poschiavo",0,6.1
"26","2008-04-20",1,0,0,0,1,0,1,0,0,0,1,0,0,"Poschiavo",0,7.7
"27","2008-04-21",1,0,0,0,1,0,1,0,0,0,1,0,0,"Poschiavo",0,5.3
"28","2008-04-25",1,0,1,0,0,0,0,1,0,0,0,1,0,"Poschiavo",186,9.9
"29","2008-04-28",2,0,1,0,0,1,1,1,0,0,2,0,0,"Poschiavo",0,9
"30","2008-04-30",1,0,0,0,1,0,1,0,0,0,0,1,0,"Poschiavo",0,7.5
"31","2008-05-04",1,0,0,0,1,0,1,0,0,0,1,0,0,"Poschiavo",6,12.4
"32","2008-05-06",1,0,0,0,1,0,1,0,0,0,0,1,0,"Poschiavo",50,9.9
"33","2008-05-16",1,0,0,0,0,1,0,1,0,0,0,1,0,"Poschiavo",0,10.4
"34","2008-05-19",1,0,0,1,0,0,1,0,0,0,0,1,0,"Poschiavo",5,9.9
"35","2008-05-21",1,0,1,0,0,0,0,1,0,1,0,0,0,"Poschiavo",0,10.2
"36","2008-05-27",1,0,0,0,1,0,1,0,0,0,0,1,0,"Poschiavo",0,16.8
"37","2008-05-29",1,0,0,0,0,1,0,1,0,0,1,0,0,"Poschiavo",0,14.7
"38","2008-05-30",1,0,1,0,0,0,1,0,0,0,1,0,0,"Poschiavo",0,11
"39","2008-06-07",1,0,1,0,0,0,0,1,0,1,0,0,0,"Poschiavo",0,12.1
"40","2008-06-09",1,0,0,1,0,0,1,0,0,0,0,1,0,"Poschiavo",0,12.9
"41","2008-06-17",1,0,0,0,1,0,0,1,0,0,0,1,0,"Poschiavo",0,10.3
"42","2008-06-19",1,0,1,0,0,0,0,1,0,0,0,1,0,"Poschiavo",0,16.1
"43","2008-06-24",1,0,1,0,0,0,1,0,0,0,1,0,0,"Poschiavo",0,19.4
"44","2008-06-27",1,0,1,0,0,0,0,1,0,1,0,0,0,"Poschiavo",78,19.9
"45","2008-07-06",2,0,2,0,0,0,2,0,1,0,1,0,0,"Poschiavo",0,14.5
"46","2008-07-07",1,0,1,0,0,0,1,0,0,0,0,0,1,"Poschiavo",0,12.8
"47","2008-07-10",1,0,0,0,1,0,1,0,0,0,0,1,0,"Poschiavo",0,16.4
"48","2008-07-15",1,0,1,0,0,0,0,1,0,0,0,0,1,"Poschiavo",25,13.3
"49","2008-07-19",1,0,0,1,0,0,1,0,0,0,1,0,0,"Poschiavo",0,15.3
"50","2008-07-20",1,0,0,0,1,0,0,1,0,0,1,0,0,"Poschiavo",0,15.6
"51","2008-07-27",1,0,0,0,1,0,1,0,0,0,1,0,0,"Poschiavo",0,15.6
"52","2008-07-31",1,0,1,0,0,0,0,1,0,0,0,1,0,"Poschiavo",0,18
"53","2008-08-03",1,0,0,1,0,0,0,1,0,0,0,0,1,"Poschiavo",0,17.5
"54","2008-08-20",1,0,0,0,0,1,0,1,0,0,1,0,0,"Poschiavo",0,16.2
"55","2008-08-22",1,0,0,0,0,1,0,1,0,0,1,0,0,"Poschiavo",NA,16.5
"56","2008-08-25",1,0,1,0,0,0,0,1,0,1,0,0,0,"Poschiavo",NA,13.7
"57","2008-09-12",1,0,1,0,0,0,1,0,0,0,0,0,1,"Poschiavo",0,14.4
"58","2008-09-17",1,0,1,0,0,0,1,0,0,0,0,0,1,"Poschiavo",0,6.7
"59","2008-09-19",1,0,0,0,1,0,1,0,0,0,1,0,0,"Poschiavo",67,12.1
"60","2008-09-28",1,0,1,0,0,0,1,0,0,1,0,0,0,"Poschiavo",0,7.7
"61","2008-10-03",1,0,0,1,0,0,1,0,0,0,1,0,0,"Poschiavo",30,6.4
"62","2008-10-11",1,0,1,0,0,0,1,0,0,1,0,0,0,"Poschiavo",0,8.6
"63","2008-10-15",1,0,0,0,0,1,0,1,0,0,0,0,1,"Poschiavo",0,10.9
"64","2008-10-17",1,0,1,0,0,0,1,0,1,0,0,0,0,"Poschiavo",69,8.8
"65","2008-10-22",1,0,0,0,1,0,0,1,0,0,1,0,0,"Poschiavo",0,10
"66","2008-10-25",1,0,0,1,0,0,1,0,0,0,0,0,1,"Poschiavo",0,8.1
"67","2008-10-26",1,0,0,0,0,1,1,0,0,0,0,1,0,"Poschiavo",0,7.2
"68","2008-10-30",1,0,0,1,0,0,1,0,0,0,0,0,1,"Poschiavo",0,4.1
"69","2008-11-03",2,0,1,0,0,1,2,0,0,1,1,0,0,"Poschiavo",0,6.5
"70","2008-11-05",1,0,1,0,0,0,0,1,0,1,0,0,0,"Poschiavo",0,6.7
"71","2008-11-06",1,0,1,0,0,0,1,0,1,0,0,0,0,"Poschiavo",0,5.6
"72","2008-11-07",1,0,0,0,0,1,0,1,0,0,0,0,1,"Poschiavo",0,5.4
"73","2008-11-11",2,0,2,0,0,0,0,2,0,0,2,0,0,"Poschiavo",0,5.3
"74","2008-11-13",1,0,0,0,1,0,1,0,0,0,1,0,0,"Poschiavo",12,4.9
"75","2008-11-14",1,0,1,0,0,0,0,1,0,0,0,1,0,"Poschiavo",0,2.9
"76","2008-11-15",1,0,1,0,0,0,1,0,0,0,1,0,0,"Poschiavo",0,2.4
"77","2008-11-17",1,0,1,0,0,0,1,0,0,1,0,0,0,"Poschiavo",183,7.2
"78","2008-11-18",1,0,0,1,0,0,1,0,0,0,1,0,0,"Poschiavo",0,-0.1
"79","2008-11-22",1,0,1,0,0,0,0,1,0,0,0,1,0,"Poschiavo",220,-1.6
"80","2008-11-23",1,0,1,0,0,0,0,1,0,0,0,1,0,"Poschiavo",82,-2.7
"81","2008-11-24",1,0,0,0,0,1,1,0,0,0,1,0,0,"Poschiavo",0,-4.9
"82","2008-11-26",1,0,0,1,0,0,0,1,0,0,0,1,0,"Poschiavo",1,-3.8
"83","2008-11-30",1,0,0,0,0,1,0,1,0,0,0,1,0,"Poschiavo",0,0.4
"84","2008-12-03",1,0,1,0,0,0,1,0,0,0,1,0,0,"Poschiavo",0,-5.9
"85","2008-12-05",1,0,0,1,0,0,1,0,0,0,1,0,0,"Poschiavo",0,-1.1
"86","2008-12-08",1,0,1,0,0,0,1,0,0,0,0,0,1,"Poschiavo",0,-6.5
"87","2008-12-15",1,0,0,0,0,1,1,0,0,0,0,1,0,"Poschiavo",0,1.7
"88","2008-12-16",2,0,2,0,0,0,1,1,0,0,0,1,1,"Poschiavo",0,1.9
"89","2008-12-18",1,0,0,0,0,1,0,1,0,0,1,0,0,"Poschiavo",288,5
"90","2008-12-20",1,0,1,0,0,0,0,1,0,1,0,0,0,"Poschiavo",288,8.1
"91","2008-12-24",1,1,0,0,0,0,0,1,0,0,0,1,0,"Poschiavo",42,2.3
"92","2008-12-30",1,0,0,0,0,1,1,0,0,0,1,0,0,"Poschiavo",0,-4.2
"93","2009-01-07",1,0,1,0,0,0,1,0,1,0,0,0,0,"Poschiavo",0,-3.7
"94","2009-01-10",1,0,0,0,0,1,0,1,0,0,0,1,0,"Poschiavo",0,-5.6
"95","2009-01-14",2,0,1,0,1,0,2,0,0,0,0,2,0,"Poschiavo",195,2.8
"96","2009-01-18",1,0,0,0,1,0,0,1,0,0,1,0,0,"Poschiavo",0,-2.5
"97","2009-01-21",1,0,0,0,1,0,1,0,0,0,1,0,0,"Poschiavo",2,0.6
"98","2009-01-31",1,0,0,1,0,0,0,1,0,0,1,0,0,"Poschiavo",0,-4.5
"99","2009-02-03",1,0,0,1,0,0,0,1,0,0,0,0,1,"Poschiavo",0,0.5
"100","2009-02-11",1,0,0,0,0,1,0,1,0,0,0,1,0,"Poschiavo",288,-0.5
"101","2009-02-12",1,0,0,0,0,1,1,0,0,0,0,1,0,"Poschiavo",288,-2.5
"102","2009-02-17",1,0,1,0,0,0,1,0,0,1,0,0,0,"Poschiavo",127,-1
"103","2009-02-20",2,0,1,0,0,1,2,0,0,1,0,1,0,"Poschiavo",141,-1.5
"104","2009-02-22",1,0,1,0,0,0,1,0,0,0,1,0,0,"Poschiavo",248,5.6
"105","2009-02-25",1,0,1,0,0,0,1,0,0,1,0,0,0,"Poschiavo",16,-2.9
"106","2009-02-27",1,0,1,0,0,0,0,1,0,0,0,0,1,"Poschiavo",214,6.1
"107","2009-03-20",1,0,1,0,0,0,0,1,0,1,0,0,0,"Poschiavo",281,0.3
"108","2009-03-23",1,0,0,0,1,0,1,0,0,0,1,0,0,"Poschiavo",216,7.9
"109","2009-03-30",1,0,1,0,0,0,1,0,0,0,1,0,0,"Poschiavo",0,6.3
"110","2009-04-02",1,0,0,1,0,0,0,1,0,0,0,1,0,"Poschiavo",0,7.8
"111","2009-04-08",1,1,0,0,0,0,1,0,0,0,0,1,0,"Poschiavo",0,8.6
"112","2009-04-12",1,0,1,0,0,0,0,1,0,0,0,0,1,"Poschiavo",0,8.9
"113","2009-04-18",1,1,0,0,0,0,0,1,1,0,0,0,0,"Poschiavo",0,6.9
"114","2009-04-20",1,0,1,0,0,0,1,0,0,1,0,0,0,"Poschiavo",0,9.2
"115","2009-04-25",1,0,0,1,0,0,1,0,0,0,0,1,0,"Poschiavo",0,7.4
"116","2009-05-07",1,0,0,0,1,0,1,0,0,0,1,0,0,"Poschiavo",0,11.2
"117","2009-05-09",1,0,0,0,0,1,1,0,0,0,0,0,1,"Poschiavo",0,11.8
"118","2009-05-15",1,0,1,0,0,0,0,1,0,1,0,0,0,"Poschiavo",0,9.8
"119","2009-05-18",1,0,1,0,0,0,0,1,0,1,0,0,0,"Poschiavo",0,13.9
"120","2009-05-22",1,0,1,0,0,0,0,1,0,1,0,0,0,"Poschiavo",3,15.1
"121","2009-05-27",1,0,1,0,0,0,1,0,0,0,1,0,0,"Poschiavo",260,15.7
"122","2009-05-31",1,0,1,0,0,0,1,0,0,0,1,0,0,"Poschiavo",0,8.6
"123","2009-06-10",2,0,1,0,0,1,1,1,0,1,0,0,1,"Poschiavo",0,12.3
"124","2009-06-22",1,0,1,0,0,0,1,0,0,0,0,1,0,"Poschiavo",255,12.9
"125","2009-07-17",1,0,0,1,0,0,0,1,0,0,1,0,0,"Poschiavo",0,16
"126","2009-07-21",1,0,0,1,0,0,1,0,0,0,1,0,0,"Poschiavo",0,16.8
"127","2009-07-31",1,0,1,0,0,0,1,0,0,0,0,0,1,"Poschiavo",0,15.8
"128","2009-08-07",1,0,1,0,0,0,0,1,0,1,0,0,0,"Poschiavo",0,19.4
"129","2009-08-19",1,0,1,0,0,0,1,0,0,1,0,0,0,"Poschiavo",0,20.1
"130","2009-08-30",1,0,0,0,0,1,0,1,0,0,0,1,0,"Poschiavo",1,13.5
"131","2009-09-11",1,0,0,1,0,0,0,1,0,0,1,0,0,"Poschiavo",0,12.4
"132","2009-09-12",1,0,0,0,0,1,0,1,0,0,1,0,0,"Poschiavo",0,11.5
"133","2009-09-15",2,0,2,0,0,0,2,0,0,0,2,0,0,"Poschiavo",0,10.7
"134","2009-09-22",1,0,0,0,1,0,0,1,0,0,1,0,0,"Poschiavo",0,12.9
"135","2009-09-24",1,0,1,0,0,0,1,0,0,1,0,0,0,"Poschiavo",0,14.2
"136","2009-09-25",2,0,2,0,0,0,2,0,0,0,2,0,0,"Poschiavo",0,12.4
"137","2009-09-29",1,0,0,1,0,0,1,0,0,0,1,0,0,"Poschiavo",0,11.1
"138","2009-09-30",1,0,0,0,1,0,0,1,0,0,1,0,0,"Poschiavo",0,12.1
"139","2009-10-09",2,0,0,0,0,2,0,2,0,0,1,1,0,"Poschiavo",0,12.9
"140","2009-10-14",1,0,0,0,1,0,1,0,0,0,1,0,0,"Poschiavo",282,4.2
"141","2009-10-19",3,0,0,0,2,1,1,2,1,0,2,0,0,"Poschiavo",0,0.3
"142","2009-10-21",1,0,0,0,1,0,1,0,1,0,0,0,0,"Poschiavo",0,5.3
"143","2009-10-23",2,0,1,0,0,1,1,1,0,0,2,0,0,"Poschiavo",130,8
"144","2009-10-24",1,0,0,0,1,0,0,1,0,0,1,0,0,"Poschiavo",121,10.1
"145","2009-10-29",2,0,1,0,1,0,1,1,0,0,1,0,1,"Poschiavo",97,11.8
"146","2009-11-04",1,0,1,0,0,0,1,0,0,0,0,1,0,"Poschiavo",0,2.5
"147","2009-11-05",1,0,1,0,0,0,1,0,0,0,0,1,0,"Poschiavo",0,0.6
"148","2009-11-10",1,0,0,1,0,0,1,0,0,0,1,0,0,"Poschiavo",128,3
"149","2009-11-11",1,0,0,1,0,0,1,0,0,0,1,0,0,"Poschiavo",101,2.8
"150","2009-11-13",1,0,1,0,0,0,0,1,0,0,0,1,0,"Poschiavo",0,3
"151","2009-11-15",1,0,0,0,1,0,1,0,0,0,1,0,0,"Poschiavo",0,5.9
"152","2009-11-16",2,0,2,0,0,0,2,0,0,0,0,2,0,"Poschiavo",0,7.3
"153","2009-11-18",2,0,0,2,0,0,0,2,0,0,2,0,0,"Poschiavo",0,5.3
"154","2009-11-19",2,0,2,0,0,0,1,1,0,1,0,1,0,"Poschiavo",0,3.9
"155","2009-11-21",1,0,1,0,0,0,1,0,0,0,1,0,0,"Poschiavo",0,3.9
"156","2009-11-22",1,0,0,0,1,0,0,1,0,0,1,0,0,"Poschiavo",0,3.4
"157","2009-12-03",1,0,0,0,0,1,0,1,0,0,1,0,0,"Poschiavo",0,-2.1
"158","2009-12-09",1,0,0,0,1,0,1,0,0,0,1,0,0,"Poschiavo",138,2.5
"159","2009-12-10",1,0,1,0,0,0,1,0,0,1,0,0,0,"Poschiavo",67,2.8
"160","2009-12-16",1,0,0,1,0,0,1,0,0,0,1,0,0,"Poschiavo",0,-8.6
"161","2009-12-21",1,0,0,1,0,0,1,0,0,0,0,0,1,"Poschiavo",0,-5.4
"162","2009-12-25",1,0,0,0,0,1,0,1,0,0,1,0,0,"Poschiavo",100,2.9
"163","2010-01-10",1,0,0,0,1,0,0,1,0,0,1,0,0,"Poschiavo",0,-1.3
"164","2010-01-12",1,0,1,0,0,0,1,0,0,0,0,0,1,"Poschiavo",0,-4.4
"165","2010-01-25",1,0,0,0,1,0,0,1,0,0,1,0,0,"Poschiavo",0,-6.5
"166","2010-01-27",2,0,0,0,2,0,0,2,0,0,1,1,0,"Poschiavo",0,-6.5
"167","2010-01-30",1,0,1,0,0,0,1,0,0,1,0,0,0,"Poschiavo",176,-4
"168","2010-02-02",1,0,0,1,0,0,1,0,0,0,0,1,0,"Poschiavo",113,-4
"169","2010-02-05",1,0,0,0,1,0,1,0,0,0,0,1,0,"Poschiavo",0,-0.6
"170","2010-02-11",1,0,0,0,0,1,1,0,0,0,0,1,0,"Poschiavo",4,-2.9
"171","2010-02-15",1,0,0,0,0,1,0,1,1,0,0,0,0,"Poschiavo",0,-5
"172","2010-02-18",1,0,1,0,0,0,0,1,0,1,0,0,0,"Poschiavo",0,1.5
"173","2010-02-23",1,1,0,0,0,0,1,0,0,0,0,1,0,"Poschiavo",0,1
"174","2010-03-02",1,0,1,0,0,0,0,1,0,0,0,1,0,"Poschiavo",27,2.9
"175","2010-03-05",2,1,0,1,0,0,2,0,1,0,1,0,0,"Poschiavo",282,-2.9
"176","2010-03-13",1,0,0,0,1,0,0,1,0,0,0,1,0,"Poschiavo",125,1
"177","2010-03-15",1,0,0,0,1,0,1,0,0,0,1,0,0,"Poschiavo",270,2.5
"178","2010-03-16",1,0,0,0,0,1,1,0,0,0,0,1,0,"Poschiavo",131,2.2
"179","2010-03-19",2,0,2,0,0,0,1,1,0,1,0,0,1,"Poschiavo",0,3.9
"180","2010-03-20",2,0,1,1,0,0,0,2,0,0,1,1,0,"Poschiavo",0,3.9
"181","2010-03-25",1,0,1,0,0,0,1,0,0,0,1,0,0,"Poschiavo",0,5.5
"182","2010-03-29",1,0,0,0,1,0,1,0,0,0,1,0,0,"Poschiavo",0,5.7
"183","2010-03-31",1,0,0,0,0,1,1,0,0,0,0,1,0,"Poschiavo",8,2.9
"184","2010-04-09",2,0,2,0,0,0,2,0,0,0,2,0,0,"Poschiavo",74,8.6
"185","2010-04-14",1,0,0,1,0,0,0,1,0,0,1,0,0,"Poschiavo",136,5.5
"186","2010-04-19",1,0,1,0,0,0,0,1,0,0,0,0,1,"Poschiavo",123,8.7
"187","2010-04-24",1,0,0,1,0,0,0,1,0,0,1,0,0,"Poschiavo",0,11
"188","2010-04-25",1,0,0,0,0,1,1,0,0,0,0,1,0,"Poschiavo",2,12.1
"189","2010-04-27",2,0,0,0,0,2,1,1,0,0,2,0,0,"Poschiavo",0,8.7
"190","2010-05-03",1,0,1,0,0,0,0,1,0,1,0,0,0,"Poschiavo",0,8.9
"191","2010-05-05",1,0,0,0,1,0,0,1,0,0,1,0,0,"Poschiavo",0,7.7
"192","2010-05-13",2,0,1,0,0,1,0,2,1,0,0,1,0,"Poschiavo",0,8.6
"193","2010-05-14",1,0,1,0,0,0,1,0,0,1,0,0,0,"Poschiavo",0,7.6
"194","2010-05-26",1,0,0,0,0,1,0,1,0,0,1,0,0,"Poschiavo",0,13.4
"195","2010-05-28",1,0,0,0,1,0,0,1,0,0,1,0,0,"Poschiavo",0,10.5
"196","2010-05-31",1,0,1,0,0,0,1,0,0,0,1,0,0,"Poschiavo",218,11.4
"197","2010-06-04",1,0,0,0,0,1,0,1,0,0,0,1,0,"Poschiavo",0,14.9
"198","2010-06-05",2,0,0,2,0,0,0,2,0,0,1,1,0,"Poschiavo",0,16.4
"199","2010-06-07",1,0,0,1,0,0,1,0,0,0,1,0,0,"Poschiavo",0,16.1
"200","2010-06-15",1,0,0,0,1,0,1,0,0,0,1,0,0,"Poschiavo",0,13.6
"201","2010-06-17",1,0,0,0,0,1,0,1,1,0,0,0,0,"Poschiavo",0,11.9
"202","2010-06-20",1,0,0,0,0,1,0,1,0,0,1,0,0,"Poschiavo",170,10.5
"203","2010-06-24",1,0,0,0,0,1,0,1,0,0,1,0,0,"Poschiavo",0,14.4
"204","2010-06-26",1,0,0,0,1,0,1,0,0,0,0,0,1,"Poschiavo",0,16.8
"205","2010-07-02",1,0,0,1,0,0,1,0,0,0,1,0,0,"Poschiavo",0,19
"206","2010-07-05",1,0,0,0,1,0,1,0,0,1,0,0,0,"Poschiavo",105,21.9
"207","2010-07-06",1,0,0,1,0,0,1,0,0,0,0,1,0,"Poschiavo",212,21.3
"208","2010-07-16",1,1,0,0,0,0,0,1,0,0,0,1,0,"Poschiavo",0,21
"209","2010-07-29",1,0,0,0,0,1,0,1,0,0,0,1,0,"Poschiavo",60,13.5
"210","2010-07-30",1,0,1,0,0,0,0,1,0,1,0,0,0,"Poschiavo",207,16
"211","2010-08-10",1,0,1,0,0,0,0,1,1,0,0,0,0,"Poschiavo",0,17
"212","2010-08-25",1,0,1,0,0,0,1,0,0,0,0,1,0,"Poschiavo",0,16.6
"213","2010-08-28",1,0,1,0,0,0,1,0,0,1,0,0,0,"Poschiavo",188,16.5
"214","2010-09-03",1,0,1,0,0,0,0,1,0,1,0,0,0,"Poschiavo",0,13.5
"215","2010-09-05",1,0,1,0,0,0,0,1,0,1,0,0,0,"Poschiavo",0,13.3
"216","2010-09-08",1,0,0,0,0,1,0,1,0,0,1,0,0,"Poschiavo",0,12.7
"217","2010-09-14",1,0,0,0,1,0,0,1,1,0,0,0,0,"Poschiavo",0,10.6
"218","2010-09-19",1,0,0,0,1,0,0,1,0,0,1,0,0,"Poschiavo",4,9.4
"219","2010-09-24",1,0,0,1,0,0,1,0,0,0,0,1,0,"Poschiavo",0,11.9
"220","2010-09-27",1,0,1,0,0,0,1,0,0,0,0,0,1,"Poschiavo",0,6.2
"221","2010-09-29",1,0,1,0,0,0,0,1,0,0,0,1,0,"Poschiavo",113,8.3
"222","2010-09-30",1,0,0,1,0,0,1,0,0,0,0,1,0,"Poschiavo",0,7.5
"223","2010-10-06",1,0,1,0,0,0,1,0,0,1,0,0,0,"Poschiavo",0,11.3
"224","2010-10-12",1,0,0,0,1,0,1,0,0,1,0,0,0,"Poschiavo",0,7.2
"225","2010-10-13",2,0,0,0,2,0,2,0,0,0,2,0,0,"Poschiavo",0,6.9
"226","2010-10-14",2,0,2,0,0,0,1,1,0,1,0,1,0,"Poschiavo",0,6.2
"227","2010-10-25",1,0,1,0,0,0,1,0,0,1,0,0,0,"Poschiavo",78,4
"228","2010-10-27",1,0,0,1,0,0,1,0,0,1,0,0,0,"Poschiavo",0,1.1
"229","2010-10-31",1,0,0,0,1,0,1,0,0,0,1,0,0,"Poschiavo",0,6.4
"230","2010-11-07",1,0,1,0,0,0,1,0,0,0,0,0,1,"Poschiavo",0,5.1
"231","2010-11-16",1,0,1,0,0,0,0,1,0,0,0,0,1,"Poschiavo",0,4.4
"232","2010-11-17",1,0,1,0,0,0,1,0,0,0,1,0,0,"Poschiavo",0,5
"233","2010-11-18",1,0,0,0,1,0,1,0,0,0,0,0,1,"Poschiavo",0,4.4
"234","2010-11-24",1,0,1,0,0,0,0,1,0,0,0,0,1,"Poschiavo",195,0.8
"235","2010-11-29",1,0,0,0,0,1,0,1,0,0,0,1,0,"Poschiavo",51,-3.4
"236","2010-12-04",1,0,0,0,1,0,1,0,0,0,0,0,1,"Poschiavo",31,-5.7
"237","2010-12-10",1,0,1,0,0,0,1,0,0,0,0,1,0,"Poschiavo",288,1.3
"238","2010-12-13",1,0,1,0,0,0,0,1,0,0,1,0,0,"Poschiavo",277,-1.6
"239","2010-12-21",1,0,0,0,0,1,0,1,0,0,0,1,0,"Poschiavo",0,-1.8
"240","2010-12-28",1,0,1,0,0,0,1,0,0,0,0,0,1,"Poschiavo",0,-5.1
"241","2010-12-29",1,0,0,0,1,0,1,0,0,0,0,1,0,"Poschiavo",0,-4.4
"242","2010-12-30",2,0,0,0,2,0,2,0,0,0,0,1,1,"Poschiavo",0,-4.3
"243","2010-12-31",1,0,1,0,0,0,0,1,1,0,0,0,0,"Poschiavo",0,-4.6
"244","2011-01-11",1,0,1,0,0,0,0,1,1,0,0,0,0,"Poschiavo",0,0.9
"245","2011-01-12",1,0,0,0,1,0,1,0,0,0,0,1,0,"Poschiavo",8,1.6
"246","2011-01-14",1,0,1,0,0,0,0,1,0,0,0,0,1,"Poschiavo",0,3
"247","2011-01-19",1,1,0,0,0,0,0,1,0,0,0,1,0,"Poschiavo",183,1.9
"248","2011-01-26",1,0,1,0,0,0,0,1,0,1,0,0,0,"Poschiavo",0,-2
"249","2011-01-31",1,0,1,0,0,0,0,1,0,1,0,0,0,"Poschiavo",0,-2.3
"250","2011-02-12",1,0,0,0,0,1,0,1,0,0,0,1,0,"Poschiavo",0,1.8
"251","2011-02-13",1,0,0,0,1,0,0,1,0,0,0,1,0,"Poschiavo",0,2.3
"252","2011-02-17",1,0,0,1,0,0,1,0,0,0,0,0,1,"Poschiavo",0,0.8
"253","2011-02-24",1,0,0,0,1,0,0,1,0,0,0,1,0,"Poschiavo",40,-0.2
"254","2011-02-26",1,0,0,0,1,0,0,1,0,0,1,0,0,"Poschiavo",4,0.6
"255","2011-02-27",1,0,0,0,1,0,0,1,0,0,1,0,0,"Poschiavo",58,1
"256","2011-02-28",2,0,1,0,0,1,0,2,0,1,0,1,0,"Poschiavo",0,0.8
"257","2011-03-02",1,0,0,1,0,0,1,0,0,0,1,0,0,"Poschiavo",0,-0.8
"258","2011-03-08",1,0,1,0,0,0,0,1,0,0,0,1,0,"Poschiavo",0,-0.3
"259","2011-03-20",1,0,1,0,0,0,0,1,0,0,1,0,0,"Poschiavo",183,5
"260","2011-03-25",1,0,1,0,0,0,0,1,0,0,0,0,1,"Poschiavo",0,6.8
"261","2011-03-28",1,0,0,0,1,0,1,0,0,0,0,1,0,"Poschiavo",0,6.6
"262","2011-04-02",1,0,0,1,0,0,1,0,0,1,0,0,0,"Poschiavo",0,9.9
"263","2011-04-04",2,0,1,0,0,1,1,1,0,0,1,1,0,"Poschiavo",136,9.5
"264","2011-04-11",2,0,0,1,1,0,2,0,0,0,1,1,0,"Poschiavo",114,13.6
"265","2011-04-21",1,0,1,0,0,0,1,0,0,0,1,0,0,"Poschiavo",0,9.8
"266","2011-04-23",2,0,1,0,1,0,0,2,1,0,1,0,0,"Poschiavo",0,8.9
"267","2011-04-24",1,0,1,0,0,0,0,1,1,0,0,0,0,"Poschiavo",0,10.6
"268","2011-04-28",1,0,0,1,0,0,1,0,0,1,0,0,0,"Poschiavo",0,8.3
"269","2011-05-02",2,0,0,0,2,0,2,0,0,0,2,0,0,"Poschiavo",0,9.5
"270","2011-05-03",1,0,1,0,0,0,1,0,0,1,0,0,0,"Poschiavo",91,11.2
"271","2011-05-16",2,0,2,0,0,0,1,1,0,0,1,1,0,"Poschiavo",239,10.4
"272","2011-05-21",1,0,1,0,0,0,0,1,0,1,0,0,0,"Poschiavo",0,13.5
"273","2011-05-27",1,0,1,0,0,0,0,1,0,1,0,0,0,"Poschiavo",4,10.7
"274","2011-05-29",1,0,1,0,0,0,1,0,0,1,0,0,0,"Poschiavo",0,11.8
"275","2011-06-16",1,0,1,0,0,0,0,1,0,1,0,0,0,"Poschiavo",0,15
"276","2011-06-17",1,0,1,0,0,0,1,0,0,0,0,0,1,"Poschiavo",0,14.5
"277","2011-06-20",1,0,0,0,1,0,1,0,0,0,1,0,0,"Poschiavo",0,13.9
"278","2011-06-24",2,0,1,1,0,0,0,2,0,0,2,0,0,"Poschiavo",113,15.7
"279","2011-06-29",2,0,1,1,0,0,2,0,0,0,0,0,2,"Poschiavo",0,18.1
"280","2011-07-17",2,0,0,1,0,1,1,1,0,0,2,0,0,"Poschiavo",NA,14.2
"281","2011-07-23",1,0,1,0,0,0,0,1,1,0,0,0,0,"Poschiavo",18,13.7
"282","2011-07-25",1,0,0,0,1,0,0,1,0,0,0,0,1,"Poschiavo",50,12.3
"283","2011-07-29",1,0,0,0,1,0,1,0,0,0,0,1,0,"Poschiavo",0,14.1
"284","2011-08-03",1,0,0,0,1,0,1,0,0,1,0,0,0,"Poschiavo",4,16.9
"285","2011-08-10",1,0,0,0,1,0,1,0,0,0,0,1,0,"Poschiavo",113,13.8
"286","2011-08-12",1,0,0,0,1,0,0,1,0,0,1,0,0,"Poschiavo",0,15.5
"287","2011-08-19",1,0,0,1,0,0,1,0,0,0,1,0,0,"Poschiavo",0,18.9
"288","2011-08-20",1,0,0,1,0,0,1,0,0,0,1,0,0,"Poschiavo",2,19.1
"289","2011-08-25",1,0,1,0,0,0,1,0,0,1,0,0,0,"Poschiavo",0,18.6
"290","2011-08-29",1,0,1,0,0,0,0,1,0,0,1,0,0,"Poschiavo",0,13.8
"291","2011-09-01",1,0,1,0,0,0,1,0,0,1,0,0,0,"Poschiavo",0,14.1
"292","2011-09-04",1,0,0,1,0,0,1,0,0,0,1,0,0,"Poschiavo",0,15.3
"293","2011-09-06",3,0,0,1,2,0,3,0,0,0,2,1,0,"Poschiavo",18,13.4
"294","2011-09-12",2,0,0,2,0,0,1,1,0,0,2,0,0,"Poschiavo",0,14
"295","2011-09-23",1,0,0,1,0,0,1,0,0,0,1,0,0,"Poschiavo",0,11.3
"296","2011-10-04",1,0,1,0,0,0,1,0,0,0,0,0,1,"Poschiavo",0,11.4
"297","2011-10-05",1,0,0,1,0,0,1,0,0,0,1,0,0,"Poschiavo",0,11
"298","2011-10-08",1,0,0,0,0,1,1,0,0,0,1,0,0,"Poschiavo",169,6.3
"299","2011-10-11",1,0,1,0,0,0,1,0,0,1,0,0,0,"Poschiavo",188,16.5
"300","2011-10-14",1,0,1,0,0,0,1,0,0,0,0,0,1,"Poschiavo",0,7
"301","2011-10-19",1,0,0,0,1,0,0,1,0,0,0,1,0,"Poschiavo",0,6.7
"302","2011-10-24",1,0,0,0,1,0,1,0,0,0,0,1,0,"Poschiavo",0,4.2
"303","2011-10-28",1,0,0,0,0,1,0,1,0,0,0,1,0,"Poschiavo",0,5.2
"304","2011-10-30",2,0,2,0,0,0,2,0,0,0,2,0,0,"Poschiavo",0,5.7
"305","2011-10-31",1,0,1,0,0,0,1,0,0,0,1,0,0,"Poschiavo",0,5
"306","2011-11-06",2,0,2,0,0,0,1,1,0,0,0,0,2,"Poschiavo",0,9.7
"307","2011-11-09",1,1,0,0,0,0,1,0,0,0,0,1,0,"Poschiavo",0,4.7
"308","2011-11-28",1,0,1,0,0,0,1,0,0,0,1,0,0,"Poschiavo",0,2.1
"309","2011-12-02",2,0,0,1,0,1,0,2,0,0,2,0,0,"Poschiavo",0,2.7
"310","2011-12-19",1,0,1,0,0,0,1,0,0,0,1,0,0,"Poschiavo",NA,-3.2
"311","2011-12-21",1,0,1,0,0,0,0,1,0,0,0,1,0,"Poschiavo",NA,3.1
"312","2011-12-25",1,0,0,1,0,0,1,0,0,0,1,0,0,"Poschiavo",NA,2.1
"313","2011-12-30",1,0,0,0,1,0,0,1,0,0,0,1,0,"Poschiavo",NA,-1.6
"314","2012-01-21",1,0,1,0,0,0,0,1,0,0,0,1,0,"Poschiavo",11,0.2
"315","2012-01-22",1,0,1,0,0,0,0,1,0,0,0,0,1,"Poschiavo",152,6.8
"316","2012-01-31",1,0,1,0,0,0,1,0,1,0,0,0,0,"Poschiavo",0,-5.8
"317","2012-02-01",2,0,0,0,0,2,0,2,0,0,2,0,0,"Poschiavo",0,-7
"318","2012-02-10",2,0,1,1,0,0,0,2,0,1,1,0,0,"Poschiavo",226,-7.6
"319","2012-02-15",1,0,0,0,1,0,1,0,0,0,0,0,1,"Poschiavo",235,1.2
"320","2012-02-18",1,0,0,0,0,1,1,0,0,0,1,0,0,"Poschiavo",0,0.5
"321","2012-02-22",1,1,0,0,0,0,0,1,0,0,1,0,0,"Poschiavo",NA,-0.4
"322","2012-02-24",1,0,0,0,1,0,0,1,0,0,1,0,0,"Poschiavo",88,10.5
"323","2012-02-27",1,0,1,0,0,0,1,0,0,0,0,0,1,"Poschiavo",226,5.2
"324","2012-03-03",1,0,1,0,0,0,1,0,0,0,0,0,1,"Poschiavo",0,7
"325","2012-03-05",1,0,0,1,0,0,0,1,0,0,1,0,0,"Poschiavo",90,3.7
"326","2012-03-06",1,1,0,0,0,0,0,1,1,0,0,0,0,"Poschiavo",2,1.2
"327","2012-03-07",1,0,0,1,0,0,1,0,0,0,1,0,0,"Poschiavo",0,1.6
"328","2012-03-15",1,0,1,0,0,0,1,0,0,1,0,0,0,"Poschiavo",0,7
"329","2012-03-22",1,0,1,0,0,0,1,0,0,1,0,0,0,"Poschiavo",0,6.9
"330","2012-03-23",1,0,0,1,0,0,0,1,0,0,0,0,1,"Poschiavo",0,7.2
"331","2012-03-29",1,0,1,0,0,0,0,1,0,0,0,1,0,"Poschiavo",197,11.8
"332","2012-04-12",1,0,0,1,0,0,0,1,0,0,0,1,0,"Poschiavo",12,5.1
"333","2012-04-18",1,0,1,0,0,0,0,1,0,1,0,0,0,"Poschiavo",0,4.1
"334","2012-04-21",1,0,1,0,0,0,0,1,0,0,0,1,0,"Poschiavo",0,5.4
"335","2012-04-26",1,1,0,0,0,0,1,0,0,0,0,1,0,"Poschiavo",0,8.4
"336","2012-04-30",1,0,0,1,0,0,0,1,0,0,1,0,0,"Poschiavo",0,9.7
"337","2012-05-04",1,0,1,0,0,0,0,1,0,1,0,0,0,"Poschiavo",0,9.9
"338","2012-05-07",1,0,0,0,0,1,1,0,0,0,1,0,0,"Poschiavo",42,9.3
"339","2012-05-11",1,0,1,0,0,0,1,0,0,0,0,0,1,"Poschiavo",0,15
"340","2012-05-12",1,0,0,1,0,0,0,1,0,0,0,0,1,"Poschiavo",76,16.9
"341","2012-05-18",1,0,1,0,0,0,0,1,0,0,0,0,1,"Poschiavo",0,8
"342","2012-05-20",1,0,0,1,0,0,0,1,0,0,1,0,0,"Poschiavo",0,10.2
"343","2012-05-26",1,0,0,0,0,1,0,1,0,0,0,1,0,"Poschiavo",0,14.1
"344","2012-05-27",1,0,1,0,0,0,0,1,0,1,0,0,0,"Poschiavo",0,12.4
"345","2012-05-30",1,0,0,1,0,0,1,0,0,0,1,0,0,"Poschiavo",13,14.7
"346","2012-06-05",1,0,1,0,0,0,1,0,0,0,1,0,0,"Poschiavo",130,13
"347","2012-06-08",1,0,1,0,0,0,0,1,0,1,0,0,0,"Poschiavo",0,14.4
"348","2012-06-09",2,0,1,0,0,1,1,1,0,0,2,0,0,"Poschiavo",0,13.9
"349","2012-06-21",1,0,1,0,0,0,1,0,0,0,0,1,0,"Poschiavo",0,19.1
"350","2012-06-22",1,0,1,0,0,0,0,1,0,1,0,0,0,"Poschiavo",3,18.7
"351","2012-06-28",1,0,1,0,0,0,1,0,0,1,0,0,0,"Poschiavo",0,19.1
"352","2012-06-29",1,0,0,0,1,0,0,1,0,0,1,0,0,"Poschiavo",0,19.3
"353","2012-07-01",1,0,0,0,0,1,1,0,1,0,0,0,0,"Poschiavo",0,20.5
"354","2012-07-07",2,0,2,0,0,0,0,2,0,0,2,0,0,"Poschiavo",0,16.4
"355","2012-07-13",1,0,0,1,0,0,0,1,0,0,1,0,0,"Poschiavo",0,15.9
"356","2012-07-17",1,0,0,1,0,0,0,1,0,0,1,0,0,"Poschiavo",154,16.7
"357","2012-07-20",1,0,0,1,0,0,1,0,0,0,0,1,0,"Poschiavo",0,17.3
"358","2012-07-29",1,0,0,1,0,0,0,1,0,1,0,0,0,"Poschiavo",0,17.8
"359","2012-08-10",1,0,0,1,0,0,1,0,0,0,1,0,0,"Poschiavo",54,17.2
"360","2012-08-12",1,0,1,0,0,0,1,0,0,1,0,0,0,"Poschiavo",0,16
"361","2012-08-13",1,0,0,1,0,0,1,0,0,0,1,0,0,"Poschiavo",0,16.1
"362","2012-08-16",1,0,1,0,0,0,0,1,0,0,0,1,0,"Poschiavo",14,18.5
"363","2012-08-17",1,0,1,0,0,0,1,0,0,1,0,0,0,"Poschiavo",0,18.7
"364","2012-08-20",1,0,0,0,0,1,0,1,0,0,1,0,0,"Poschiavo",0,20.8
"365","2012-08-22",1,0,0,0,0,1,1,0,0,0,0,0,1,"Poschiavo",0,18.7
"366","2012-08-24",1,0,1,0,0,0,0,1,0,1,0,0,0,"Poschiavo",0,20.7
"367","2012-08-29",1,0,0,0,1,0,1,0,0,0,0,1,0,"Poschiavo",0,15.7
"368","2012-08-31",1,0,1,0,0,0,1,0,0,0,1,0,0,"Poschiavo",38,11
"369","2012-09-06",2,0,2,0,0,0,1,1,0,2,0,0,0,"Poschiavo",26,14.5
"370","2012-09-08",1,0,1,0,0,0,0,1,0,1,0,0,0,"Poschiavo",0,13.9
"371","2012-09-12",2,0,0,1,0,1,1,1,0,0,2,0,0,"Poschiavo",74,12.3
"372","2012-09-18",1,0,0,1,0,0,1,0,0,0,1,0,0,"Poschiavo",0,13.8
"373","2012-09-25",1,0,0,0,1,0,0,1,0,0,0,1,0,"Poschiavo",0,10
"374","2012-09-29",1,0,1,0,0,0,1,0,1,0,0,0,0,"Poschiavo",0,10.9
"375","2012-09-30",1,0,1,0,0,0,0,1,0,0,0,0,1,"Poschiavo",0,11.5
"376","2012-10-03",2,0,1,1,0,0,1,1,1,0,0,0,1,"Poschiavo",0,11.6
"377","2012-10-05",1,0,1,0,0,0,0,1,0,0,1,0,0,"Poschiavo",0,10.6
"378","2012-10-10",1,0,0,0,1,0,0,1,0,0,1,0,0,"Poschiavo",0,10.6
"379","2012-10-14",2,0,0,0,2,0,1,1,0,1,0,1,0,"Poschiavo",0,8
"380","2012-10-16",1,0,1,0,0,0,1,0,0,0,0,0,1,"Poschiavo",0,4.6
"381","2012-10-19",1,0,1,0,0,0,0,1,1,0,0,0,0,"Poschiavo",0,7
"382","2012-10-23",1,0,1,0,0,0,0,1,0,0,1,0,0,"Poschiavo",0,10
"383","2012-11-02",1,0,0,0,1,0,1,0,0,0,0,0,1,"Poschiavo",0,5.3
"384","2012-11-07",1,0,0,1,0,0,1,0,0,0,0,0,1,"Poschiavo",124,4.7
"385","2012-11-12",2,1,0,0,1,0,1,1,0,0,1,1,0,"Poschiavo",0,5.5
"386","2012-11-14",1,0,0,0,1,0,0,1,1,0,0,0,0,"Poschiavo",0,3.6
"387","2012-11-16",1,0,1,0,0,0,0,1,0,0,1,0,0,"Poschiavo",0,0.3
"388","2012-11-19",1,0,0,1,0,0,1,0,0,0,0,0,1,"Poschiavo",0,2.6
"389","2012-11-20",1,0,1,0,0,0,1,0,0,1,0,0,0,"Poschiavo",0,3.3
"390","2012-11-21",1,0,0,0,0,1,1,0,0,0,1,0,0,"Poschiavo",0,1.7
"391","2012-11-22",1,0,1,0,0,0,0,1,0,0,0,1,0,"Poschiavo",0,3.6
"392","2012-11-25",1,0,0,0,1,0,1,0,0,0,1,0,0,"Poschiavo",0,4
"393","2012-11-27",1,0,1,0,0,0,1,0,0,1,0,0,0,"Poschiavo",0,5.1
"394","2012-12-12",1,0,1,0,0,0,0,1,0,1,0,0,0,"Poschiavo",33,-6.3
"395","2012-12-14",1,0,0,0,1,0,1,0,0,0,0,1,0,"Poschiavo",0,-3
"396","2012-12-24",1,0,0,0,0,1,0,1,0,0,0,1,0,"Poschiavo",0,1.6
"397","2013-01-11",1,0,0,0,1,0,0,1,0,0,1,0,0,"Poschiavo",171,2.7
"398","2013-01-12",1,0,0,0,0,1,0,1,0,0,0,1,0,"Poschiavo",7,-1.4
"399","2013-01-16",2,0,0,0,2,0,2,0,1,0,1,0,0,"Poschiavo",270,-2.4
"400","2013-01-27",1,0,1,0,0,0,0,1,0,1,0,0,0,"Poschiavo",0,-3.7
"401","2013-01-31",1,0,1,0,0,0,1,0,0,0,0,1,0,"Poschiavo",102,4.7
"402","2013-02-11",1,0,1,0,0,0,0,1,0,1,0,0,0,"Poschiavo",0,-6.6
"403","2013-02-14",1,0,1,0,0,0,1,0,0,1,0,0,0,"Poschiavo",1,-3.6
"404","2013-02-16",1,1,0,0,0,0,1,0,0,0,0,1,0,"Poschiavo",101,1.6
"405","2013-02-22",1,1,0,0,0,0,1,0,0,0,0,1,0,"Poschiavo",0,-5.5
"406","2013-02-26",1,0,1,0,0,0,0,1,0,1,0,0,0,"Poschiavo",0,-4.5
"407","2013-03-01",1,0,1,0,0,0,0,1,0,0,0,1,0,"Poschiavo",0,0
"408","2013-03-05",2,0,2,0,0,0,2,0,1,0,0,0,1,"Poschiavo",0,1.5
"409","2013-03-07",1,0,1,0,0,0,0,1,0,0,0,0,1,"Poschiavo",0,3
"410","2013-03-08",1,0,1,0,0,0,0,1,0,0,0,1,0,"Poschiavo",0,4.2
"411","2013-03-09",1,0,1,0,0,0,1,0,0,0,0,1,0,"Poschiavo",0,4.7
"412","2013-03-10",1,0,0,0,1,0,0,1,1,0,0,0,0,"Poschiavo",0,3.8
"413","2013-03-14",1,1,0,0,0,0,0,1,0,1,0,0,0,"Poschiavo",288,-1.3
"414","2013-03-21",1,0,1,0,0,0,0,1,0,0,0,1,0,"Poschiavo",211,2.5
"415","2013-03-22",1,0,0,0,1,0,0,1,0,0,1,0,0,"Poschiavo",0,1.9
"416","2013-03-26",1,0,0,1,0,0,1,0,0,0,1,0,0,"Poschiavo",0,-0.1
"417","2013-04-01",1,0,0,0,1,0,0,1,0,0,0,1,0,"Poschiavo",0,1.2
"418","2013-04-03",1,0,1,0,0,0,1,0,0,0,1,0,0,"Poschiavo",0,4.5
"419","2013-04-04",1,0,0,0,1,0,0,1,1,0,0,0,0,"Poschiavo",0,4.7
"420","2013-04-12",1,0,0,1,0,0,1,0,0,0,0,1,0,"Poschiavo",0,6.1
"421","2013-04-18",1,0,1,0,0,0,0,1,0,1,0,0,0,"Poschiavo",2,13
"422","2013-04-22",1,0,0,0,1,0,1,0,0,0,1,0,0,"Poschiavo",0,7.8
"423","2013-05-05",1,0,1,0,0,0,0,1,0,0,1,0,0,"Poschiavo",4,12.3
"424","2013-05-06",1,0,0,1,0,0,1,0,0,0,1,0,0,"Poschiavo",0,10.9
"425","2013-05-07",1,0,0,0,1,0,0,1,0,0,0,1,0,"Poschiavo",0,10.4
"426","2013-05-10",1,0,0,0,1,0,1,0,1,0,0,0,0,"Poschiavo",0,10.3
"427","2013-05-14",1,0,1,0,0,0,0,1,0,1,0,0,0,"Poschiavo",0,10
"428","2013-05-29",1,0,0,0,0,1,1,0,0,0,0,1,0,"Poschiavo",0,6.7
"429","2013-06-01",1,0,0,0,0,1,0,1,0,0,0,1,0,"Poschiavo",216,12.8
"430","2013-06-02",1,0,1,0,0,0,1,0,0,0,1,0,0,"Poschiavo",288,14.7
"431","2013-06-03",1,0,0,0,0,1,0,1,0,0,0,1,0,"Poschiavo",221,13.9
"432","2013-06-13",1,0,1,0,0,0,0,1,0,0,1,0,0,"Poschiavo",0,15.3
"433","2013-06-14",1,1,0,0,0,0,1,0,0,0,0,1,0,"Poschiavo",0,17.1
"434","2013-06-21",1,0,0,0,0,1,1,0,0,0,0,1,0,"Poschiavo",0,16
"435","2013-07-02",1,0,1,0,0,0,0,1,0,1,0,0,0,"Poschiavo",0,16.7
"436","2013-07-06",1,0,1,0,0,0,1,0,0,0,0,0,1,"Poschiavo",0,17.9
"437","2013-07-12",1,0,0,0,0,1,1,0,0,0,0,1,0,"Poschiavo",0,16.5
"438","2013-07-18",1,0,1,0,0,0,1,0,0,1,0,0,0,"Poschiavo",0,16.4
"439","2013-07-20",1,0,1,0,0,0,0,1,0,0,0,0,1,"Poschiavo",0,17.4
"440","2013-07-21",1,0,1,0,0,0,1,0,0,1,0,0,0,"Poschiavo",0,17.4
"441","2013-07-24",1,0,0,1,0,0,0,1,1,0,0,0,0,"Poschiavo",1,16.3
"442","2013-07-25",1,0,0,0,1,0,0,1,0,0,1,0,0,"Poschiavo",0,18.3
"443","2013-07-26",2,0,2,0,0,0,0,2,1,1,0,0,0,"Poschiavo",0,19.4
"444","2013-08-03",1,0,1,0,0,0,0,1,1,0,0,0,0,"Poschiavo",0,19.7
"445","2013-08-07",1,0,0,0,1,0,1,0,0,0,0,1,0,"Poschiavo",0,19.7
"446","2013-08-09",1,0,0,0,0,1,0,1,0,0,1,0,0,"Poschiavo",12,15.6
"447","2013-08-10",2,0,2,0,0,0,2,0,0,0,0,0,2,"Poschiavo",215,18.9
"448","2013-08-14",1,0,1,0,0,0,1,0,0,0,0,0,1,"Poschiavo",24,16.5
"449","2013-08-15",1,0,0,0,0,1,1,0,0,0,1,0,0,"Poschiavo",0,15.6
"450","2013-08-16",1,0,1,0,0,0,0,1,0,1,0,0,0,"Poschiavo",0,17.3
"451","2013-08-17",1,0,0,1,0,0,1,0,0,0,0,0,1,"Poschiavo",0,17.8
"452","2013-08-23",1,0,0,0,1,0,0,1,1,0,0,0,0,"Poschiavo",0,15.5
"453","2013-08-30",1,0,1,0,0,0,0,1,0,0,0,1,0,"Poschiavo",0,14
"454","2013-09-02",1,0,1,0,0,0,0,1,0,1,0,0,0,"Poschiavo",232,18.1
"455","2013-09-05",3,2,0,0,0,1,2,1,1,0,1,1,0,"Poschiavo",0,17.7
"456","2013-09-09",1,0,0,1,0,0,1,0,0,0,1,0,0,"Poschiavo",0,12.6
"457","2013-09-12",1,0,0,0,1,0,1,0,0,0,0,0,1,"Poschiavo",117,10.3
"458","2013-09-14",1,0,0,1,0,0,1,0,0,0,1,0,0,"Poschiavo",0,10.4
"459","2013-09-19",1,0,0,0,1,0,0,1,1,0,0,0,0,"Poschiavo",107,11.7
"460","2013-09-25",2,1,1,0,0,0,2,0,0,0,0,2,0,"Poschiavo",0,12.4
"461","2013-10-06",1,0,0,0,1,0,0,1,0,0,0,1,0,"Poschiavo",0,10.5
"462","2013-10-10",2,0,1,1,0,0,1,1,0,0,2,0,0,"Poschiavo",0,8
"463","2013-10-11",1,0,1,0,0,0,0,1,0,1,0,0,0,"Poschiavo",0,3.6
"464","2013-10-14",1,0,0,1,0,0,1,0,0,0,0,1,0,"Poschiavo",0,7.7
"465","2013-10-21",1,0,1,0,0,0,0,1,0,0,0,0,1,"Poschiavo",0,8.8
"466","2013-10-25",1,0,0,0,0,1,0,1,0,0,1,0,0,"Poschiavo",0,8.7
"467","2013-10-28",1,0,1,0,0,0,0,1,0,1,0,0,0,"Poschiavo",0,10.9
"468","2013-10-31",1,0,1,0,0,0,0,1,0,0,0,1,0,"Poschiavo",0,8.5
"469","2013-11-09",1,0,0,1,0,0,1,0,0,0,0,1,0,"Poschiavo",0,6.5
"470","2013-11-14",1,1,0,0,0,0,1,0,0,0,0,1,0,"Poschiavo",2,4.1
"471","2013-11-15",1,0,1,0,0,0,1,0,0,1,0,0,0,"Poschiavo",0,2.6
"472","2013-11-17",1,0,1,0,0,0,1,0,0,0,0,0,1,"Poschiavo",0,3.2
"473","2013-11-18",1,0,0,0,0,1,1,0,0,0,0,1,0,"Poschiavo",0,4.4
"474","2013-11-20",1,0,1,0,0,0,0,1,0,0,1,0,0,"Poschiavo",0,4.4
"475","2013-11-21",1,0,1,0,0,0,1,0,0,1,0,0,0,"Poschiavo",0,1.2
"476","2013-11-22",1,0,0,0,0,1,1,0,1,0,0,0,0,"Poschiavo",0,-2.6
"477","2013-11-25",1,0,0,1,0,0,1,0,0,1,0,0,0,"Poschiavo",288,0.7
"478","2013-11-28",1,0,1,0,0,0,1,0,0,0,1,0,0,"Poschiavo",0,-3.5
"479","2013-11-29",2,0,1,0,0,1,1,1,1,0,0,1,0,"Poschiavo",0,-1.3
"480","2013-12-07",1,0,1,0,0,0,1,0,1,0,0,0,0,"Poschiavo",183,3.9
"481","2013-12-10",1,0,1,0,0,0,1,0,0,1,0,0,0,"Poschiavo",0,2.9
"482","2013-12-15",2,0,1,0,1,0,1,1,1,0,0,1,0,"Poschiavo",14,0.4
"483","2013-12-17",1,0,0,0,0,1,0,1,0,0,0,1,0,"Poschiavo",0,0.8
"484","2013-12-19",1,0,0,0,0,1,0,1,0,0,0,1,0,"Poschiavo",0,-0.9
"485","2013-12-30",1,0,0,0,0,1,0,1,0,0,1,0,0,"Poschiavo",16,-2.8
"486","2014-01-01",1,0,0,0,0,1,1,0,0,0,0,1,0,"Poschiavo",0,-4.1
"487","2014-01-02",1,0,1,0,0,0,0,1,0,0,0,1,0,"Poschiavo",0,-2
"488","2014-01-09",1,0,0,0,1,0,1,0,0,0,0,1,0,"Poschiavo",0,0.3
"489","2014-01-11",1,0,0,0,1,0,1,0,0,0,0,1,0,"Poschiavo",0,1.9
"490","2014-01-12",1,0,1,0,0,0,1,0,0,0,1,0,0,"Poschiavo",0,-0.6
"491","2014-01-14",2,0,0,2,0,0,2,0,0,0,2,0,0,"Poschiavo",0,-0.2
"492","2014-01-16",1,0,1,0,0,0,0,1,0,0,0,0,1,"Poschiavo",0,-1.3
"493","2014-01-19",1,0,0,1,0,0,1,0,0,0,1,0,0,"Poschiavo",0,1.5
"494","2014-01-22",1,0,0,1,0,0,1,0,1,0,0,0,0,"Poschiavo",0,-0.8
"495","2014-01-28",2,0,1,0,1,0,2,0,0,0,0,1,1,"Poschiavo",162,-1.3
"496","2014-01-31",1,1,0,0,0,0,1,0,0,0,0,1,0,"Poschiavo",0,0.5
"497","2014-02-01",1,1,0,0,0,0,1,0,1,0,0,0,0,"Poschiavo",0,1.3
"498","2014-02-07",2,0,2,0,0,0,2,0,0,2,0,0,0,"Poschiavo",0,-0.1
"499","2014-02-13",1,0,1,0,0,0,1,0,0,0,1,0,0,"Poschiavo",0,-2.2
"500","2014-02-14",1,0,1,0,0,0,1,0,0,1,0,0,0,"Poschiavo",5,-1.4
"501","2014-02-19",1,0,0,1,0,0,1,0,0,0,1,0,0,"Poschiavo",8,2
"502","2014-02-20",3,0,0,1,1,1,1,2,1,0,2,0,0,"Poschiavo",36,2.2
"503","2014-02-22",1,0,0,0,1,0,1,0,0,0,1,0,0,"Poschiavo",195,2.2
"504","2014-02-24",1,0,0,0,1,0,1,0,0,0,1,0,0,"Poschiavo",0,-2
"505","2014-02-27",1,0,1,0,0,0,0,1,1,0,0,0,0,"Poschiavo",0,1
"506","2014-03-04",2,0,0,1,0,1,1,1,1,0,0,1,0,"Poschiavo",160,3.2
"507","2014-03-07",1,0,1,0,0,0,0,1,0,1,0,0,0,"Poschiavo",61,4
"508","2014-03-08",1,0,0,1,0,0,0,1,0,0,0,0,1,"Poschiavo",94,5.8
"509","2014-03-15",1,0,0,1,0,0,1,0,0,0,0,1,0,"Poschiavo",156,7.7
"510","2014-03-16",1,0,0,0,1,0,1,0,0,0,1,0,0,"Poschiavo",288,13.2
"511","2014-03-20",1,1,0,0,0,0,1,0,0,1,0,0,0,"Poschiavo",0,7.4
"512","2014-03-23",1,0,0,0,1,0,1,0,1,0,0,0,0,"Poschiavo",88,1.7
"513","2014-03-27",1,0,1,0,0,0,0,1,0,0,0,1,0,"Poschiavo",0,3.6
"514","2014-03-29",1,0,0,0,1,0,1,0,0,0,0,1,0,"Poschiavo",0,5.6
"515","2014-03-31",1,0,0,0,0,1,0,1,0,0,1,0,0,"Poschiavo",0,7.5
"516","2014-04-09",2,0,0,1,1,0,2,0,0,0,1,0,1,"Poschiavo",288,9.7
"517","2014-04-10",2,0,1,0,1,0,1,1,0,1,0,1,0,"Poschiavo",176,10.1
"518","2014-04-19",2,0,1,1,0,0,2,0,1,1,0,0,0,"Poschiavo",0,6.1
"519","2014-04-21",1,0,0,0,1,0,1,0,1,0,0,0,0,"Poschiavo",0,6.3
"520","2014-04-22",1,0,1,0,0,0,1,0,0,0,1,0,0,"Poschiavo",0,7.7
"521","2014-04-25",1,0,1,0,0,0,1,0,0,1,0,0,0,"Poschiavo",2,11.3
"522","2014-04-28",1,1,0,0,0,0,1,0,0,0,1,0,0,"Poschiavo",0,7.4
"523","2014-05-01",1,0,1,0,0,0,1,0,0,0,1,0,0,"Poschiavo",0,7.9
"524","2014-05-02",2,0,0,0,2,0,2,0,0,0,2,0,0,"Poschiavo",0,7.7
"525","2014-05-05",2,0,0,0,2,0,2,0,0,0,0,2,0,"Poschiavo",0,8.8
"526","2014-05-10",1,0,0,0,0,1,0,1,1,0,0,0,0,"Poschiavo",0,13
"527","2014-05-12",1,0,0,0,0,1,0,1,0,1,0,0,0,"Poschiavo",22,8
"528","2014-05-14",1,0,0,0,0,1,0,1,1,0,0,0,0,"Poschiavo",288,9.2
"529","2014-05-16",1,1,0,0,0,0,1,0,0,1,0,0,0,"Poschiavo",288,10.7
"530","2014-05-29",1,0,1,0,0,0,0,1,0,0,0,1,0,"Poschiavo",128,12.5
"531","2014-05-31",1,0,1,0,0,0,1,0,0,1,0,0,0,"Poschiavo",0,11.6
"532","2014-06-05",1,0,0,1,0,0,1,0,0,0,1,0,0,"Poschiavo",0,11.5
"533","2014-06-16",1,0,0,1,0,0,1,0,0,1,0,0,0,"Poschiavo",0,13.2
"534","2014-06-18",1,0,0,0,1,0,0,1,0,0,0,1,0,"Poschiavo",0,13.1
"535","2014-06-25",1,0,0,0,0,1,1,0,0,0,1,0,0,"Poschiavo",97,15.7
"536","2014-06-26",1,0,1,0,0,0,1,0,1,0,0,0,0,"Poschiavo",2,13.7
"537","2014-07-02",1,0,0,0,0,1,0,1,1,0,0,0,0,"Poschiavo",0,11.5
"538","2014-07-10",1,0,0,0,1,0,1,0,0,0,0,0,1,"Poschiavo",195,14.4
"539","2014-07-17",1,0,0,1,0,0,1,0,0,0,0,0,1,"Poschiavo",0,17
"540","2014-07-19",1,0,0,0,1,0,0,1,0,0,0,1,0,"Poschiavo",0,20.3
"541","2014-07-20",2,0,0,1,0,1,2,0,0,0,1,1,0,"Poschiavo",0,18
"542","2014-07-24",1,0,1,0,0,0,1,0,0,0,0,0,1,"Poschiavo",0,14.7
"543","2014-07-25",1,0,0,0,1,0,0,1,1,0,0,0,0,"Poschiavo",0,15.6
"544","2014-07-26",1,0,1,0,0,0,1,0,0,0,0,0,1,"Poschiavo",0,12.8
"545","2014-07-28",1,0,1,0,0,0,1,0,0,0,0,1,0,"Poschiavo",0,15.5
"546","2014-07-29",1,0,0,1,0,0,1,0,0,0,0,0,1,"Poschiavo",0,14
"547","2014-07-31",1,0,0,0,1,0,1,0,0,0,1,0,0,"Poschiavo",0,16.9
"548","2014-08-02",1,0,1,0,0,0,1,0,0,0,0,0,1,"Poschiavo",0,13.7
"549","2014-08-13",1,0,1,0,0,0,0,1,0,1,0,0,0,"Poschiavo",0,13.2
"550","2014-08-19",2,0,1,1,0,0,1,1,0,1,0,0,1,"Poschiavo",0,13.6
"551","2014-08-20",2,0,0,0,2,0,2,0,0,0,2,0,0,"Poschiavo",0,13.5
"552","2014-08-27",1,0,0,1,0,0,1,0,0,1,0,0,0,"Poschiavo",89,15.4
"553","2014-08-30",1,0,0,0,1,0,1,0,0,0,0,1,0,"Poschiavo",0,15.6
"554","2014-09-06",1,0,0,0,0,1,0,1,0,0,0,1,0,"Poschiavo",0,14.5
"555","2014-09-08",2,0,1,0,0,1,2,0,0,1,0,0,1,"Poschiavo",0,14.7
"556","2014-09-11",1,0,0,0,1,0,1,0,0,1,0,0,0,"Poschiavo",90,12.5
"557","2014-09-12",1,0,0,1,0,0,1,0,0,1,0,0,0,"Poschiavo",195,13.7
"558","2014-09-17",1,0,1,0,0,0,0,1,0,0,0,1,0,"Poschiavo",0,13.7
"559","2014-09-19",1,0,1,0,0,0,0,1,0,1,0,0,0,"Poschiavo",0,12.8
"560","2014-09-20",2,0,1,0,0,1,2,0,0,0,0,1,1,"Poschiavo",0,12.9
"561","2014-09-24",1,1,0,0,0,0,0,1,0,1,0,0,0,"Poschiavo",0,8.3
"562","2014-09-26",1,0,1,0,0,0,1,0,0,0,1,0,0,"Poschiavo",0,8.3
"563","2014-09-28",1,0,0,1,0,0,1,0,0,1,0,0,0,"Poschiavo",0,11.4
"564","2014-10-02",1,0,0,0,0,1,0,1,0,0,0,0,1,"Poschiavo",0,10.6
"565","2014-10-15",1,0,0,0,0,1,1,0,0,0,1,0,0,"Poschiavo",0,11.3
"566","2014-10-23",1,0,0,0,0,1,0,1,0,0,0,1,0,"Poschiavo",272,9
"567","2014-10-26",1,0,0,0,1,0,1,0,0,0,1,0,0,"Poschiavo",0,6.5
"568","2014-10-30",1,0,1,0,0,0,0,1,0,1,0,0,0,"Poschiavo",0,4.2
"569","2014-11-02",1,0,0,0,0,1,0,1,0,0,1,0,0,"Poschiavo",0,6.3
"570","2014-11-03",1,0,0,0,1,0,1,0,0,1,0,0,0,"Poschiavo",0,5.3
"571","2014-11-10",1,0,0,0,1,0,0,1,0,1,0,0,0,"Poschiavo",0,7
"572","2014-11-15",1,0,0,0,1,0,0,1,0,0,0,1,0,"Poschiavo",0,5.7
"573","2014-11-16",1,0,0,0,1,0,1,0,0,0,0,0,1,"Poschiavo",0,5.3
"574","2014-11-20",1,0,0,0,1,0,0,1,0,0,0,1,0,"Poschiavo",0,2.1
"575","2014-11-22",1,0,1,0,0,0,1,0,0,0,1,0,0,"Poschiavo",0,2.8
"576","2014-11-29",1,0,1,0,0,0,1,0,0,0,1,0,0,"Poschiavo",0,6.7
"577","2014-11-30",1,1,0,0,0,0,0,1,0,0,1,0,0,"Poschiavo",0,6.5
"578","2014-12-07",1,0,0,0,0,1,0,1,0,1,0,0,0,"Poschiavo",14,2.8
"579","2014-12-08",1,0,0,0,1,0,0,1,0,1,0,0,0,"Poschiavo",153,5.3
"580","2014-12-16",1,0,0,0,0,1,1,0,0,1,0,0,0,"Poschiavo",0,3.4
"581","2014-12-19",1,0,1,0,0,0,1,0,0,1,0,0,0,"Poschiavo",0,4
"582","2014-12-20",2,0,0,0,1,1,1,1,1,1,0,0,0,"Poschiavo",138,6.5
"583","2014-12-21",1,0,1,0,0,0,0,1,0,1,0,0,0,"Poschiavo",138,4.3
"584","2014-12-22",1,0,0,1,0,0,1,0,0,0,1,0,0,"Poschiavo",0,1.8
"585","2014-12-25",1,0,0,0,1,0,1,0,0,0,1,0,0,"Poschiavo",139,3.2
"586","2014-12-26",1,0,1,0,0,0,0,1,0,0,0,1,0,"Poschiavo",259,1.1
"587","2014-12-28",1,0,0,0,1,0,1,0,0,0,1,0,0,"Poschiavo",203,-2
"588","2015-01-03",2,0,0,1,0,1,1,1,0,0,0,2,0,"Poschiavo",0,4.8
"589","2015-01-04",1,0,0,0,1,0,1,0,0,0,1,0,0,"Poschiavo",220,4.5
"590","2015-01-11",1,0,0,0,1,0,0,1,0,0,0,1,0,"Poschiavo",162,3.8
"591","2015-01-16",2,1,1,0,0,0,1,1,0,0,0,2,0,"Poschiavo",0,1.8
"592","2015-01-18",2,0,0,1,1,0,2,0,1,0,0,0,1,"Poschiavo",0,-2.8
"593","2015-01-21",1,0,0,0,1,0,1,0,0,1,0,0,0,"Poschiavo",0,-2.2
"594","2015-01-25",2,0,0,1,0,1,0,2,0,2,0,0,0,"Poschiavo",288,0.1
"595","2015-02-02",1,0,0,0,1,0,1,0,0,0,1,0,0,"Poschiavo",82,-3.7
"596","2015-02-03",2,0,1,0,1,0,2,0,0,1,1,0,0,"Poschiavo",0,-4.5
"597","2015-02-04",1,0,1,0,0,0,1,0,0,0,0,0,1,"Poschiavo",1,-2.5
"598","2015-02-05",1,0,0,0,0,1,0,1,0,1,0,0,0,"Poschiavo",0,-0.9
"599","2015-02-06",3,1,1,0,1,0,2,1,1,0,1,1,0,"Poschiavo",38,0.3
"600","2015-02-07",1,0,0,0,0,1,0,1,0,1,0,0,0,"Poschiavo",0,-1.2
"601","2015-02-08",1,0,0,0,0,1,0,1,0,0,1,0,0,"Poschiavo",224,-0.6
"602","2015-02-16",2,0,0,0,0,2,0,2,0,1,1,0,0,"Poschiavo",0,-0.8
"603","2015-02-25",2,0,1,0,0,1,1,1,0,0,1,1,0,"Poschiavo",255,2.3
"604","2015-03-01",1,1,0,0,0,0,1,0,0,0,0,0,1,"Poschiavo",0,2.4
"605","2015-03-02",1,0,0,0,1,0,1,0,1,0,0,0,0,"Poschiavo",53,2.5
"606","2015-03-07",1,0,0,1,0,0,0,1,0,1,0,0,0,"Poschiavo",0,0.1
"607","2015-03-14",1,0,0,1,0,0,1,0,0,0,0,1,0,"Poschiavo",0,2.7
"608","2015-03-15",2,1,0,1,0,0,0,2,1,0,0,0,1,"Poschiavo",0,2.8
"609","2015-03-18",1,1,0,0,0,0,0,1,1,0,0,0,0,"Poschiavo",0,4.3
"610","2015-03-19",1,0,0,1,0,0,1,0,0,0,0,0,1,"Poschiavo",0,5.5
"611","2015-03-23",1,0,1,0,0,0,1,0,0,1,0,0,0,"Poschiavo",0,5.1
"612","2015-03-27",1,0,0,0,0,1,0,1,0,0,1,0,0,"Poschiavo",252,6.5
"613","2015-04-01",2,0,0,1,1,0,0,2,0,0,2,0,0,"Poschiavo",288,5.2
"614","2015-04-06",1,0,0,1,0,0,1,0,0,0,0,1,0,"Poschiavo",276,2
"615","2015-04-08",1,0,1,0,0,0,0,1,0,0,0,0,1,"Poschiavo",117,6.9
"616","2015-04-13",1,0,1,0,0,0,0,1,0,0,0,0,1,"Poschiavo",171,11.3
"617","2015-04-14",1,0,0,0,1,0,1,0,0,0,1,0,0,"Poschiavo",238,12.9
"618","2015-04-17",1,0,0,1,0,0,1,0,0,0,0,1,0,"Poschiavo",0,8.1
"619","2015-04-25",1,0,1,0,0,0,0,1,0,0,1,0,0,"Poschiavo",0,8.6
"620","2015-04-26",1,0,0,0,0,1,0,1,0,0,0,1,0,"Poschiavo",0,9
"621","2015-04-28",1,0,0,0,1,0,0,1,0,0,0,0,1,"Poschiavo",192,8.7
"622","2015-05-01",1,0,0,0,1,0,1,0,0,0,1,0,0,"Poschiavo",0,7.4
"623","2015-05-06",1,0,0,0,0,1,0,1,0,0,1,0,0,"Poschiavo",17,12.4
"624","2015-05-10",1,0,0,0,1,0,0,1,0,0,1,0,0,"Poschiavo",130,14.2
"625","2015-05-13",1,0,1,0,0,0,1,0,0,1,0,0,0,"Poschiavo",0,14.8
"626","2015-05-20",1,0,0,0,1,0,0,1,0,0,0,0,1,"Poschiavo",0,6.9
"627","2015-05-25",1,0,1,0,0,0,1,0,0,1,0,0,0,"Poschiavo",NA,10.9
"628","2015-06-09",1,0,0,0,0,1,0,1,0,0,1,0,0,"Poschiavo",0,14.1
"629","2015-06-20",1,0,1,0,0,0,0,1,0,1,0,0,0,"Poschiavo",212,14.5
"630","2015-06-23",2,0,1,1,0,0,0,2,0,1,1,0,0,"Poschiavo",122,15
"631","2015-06-26",1,0,1,0,0,0,0,1,0,0,0,0,1,"Poschiavo",0,15.2
"632","2015-07-02",1,0,1,0,0,0,1,0,0,0,1,0,0,"Poschiavo",0,21.3
"633","2015-07-10",1,0,1,0,0,0,0,1,0,0,0,1,0,"Poschiavo",2,15.6
"634","2015-07-18",1,0,1,0,0,0,1,0,0,1,0,0,0,"Poschiavo",0,19.9
"635","2015-08-05",1,0,1,0,0,0,0,1,0,1,0,0,0,"Poschiavo",0,19.2
"636","2015-08-07",1,0,0,1,0,0,0,1,0,1,0,0,0,"Poschiavo",0,22.1
"637","2015-08-24",1,0,0,1,0,0,0,1,0,1,0,0,0,"Poschiavo",0,13.3
"638","2015-08-29",1,0,1,0,0,0,0,1,0,1,0,0,0,"Poschiavo",0,18
"639","2015-09-05",1,0,0,0,0,1,0,1,0,0,1,0,0,"Poschiavo",104,11.4
"640","2015-09-06",1,0,0,0,1,0,1,0,1,0,0,0,0,"Poschiavo",235,12.7
"641","2015-09-11",1,0,0,0,1,0,1,0,0,0,1,0,0,"Poschiavo",0,9.7
"642","2015-09-15",1,0,0,0,0,1,0,1,0,0,1,0,0,"Poschiavo",0,12.8
"643","2015-09-16",2,0,1,0,0,1,1,1,0,1,1,0,0,"Poschiavo",0,11.8
"644","2015-09-17",1,0,0,0,0,1,0,1,0,0,0,1,0,"Poschiavo",0,13.8
"645","2015-09-18",1,0,1,0,0,0,1,0,0,1,0,0,0,"Poschiavo",0,12.6
"646","2015-09-20",1,0,1,0,0,0,1,0,0,1,0,0,0,"Poschiavo",62,13.1
"647","2015-09-21",1,0,0,0,1,0,1,0,0,1,0,0,0,"Poschiavo",0,9.7
"648","2015-09-25",1,0,0,0,1,0,1,0,1,0,0,0,0,"Poschiavo",0,9.7
"649","2015-09-30",1,0,1,0,0,0,1,0,0,0,0,1,0,"Poschiavo",0,7.8
"650","2015-10-12",1,0,0,0,0,1,0,1,0,0,1,0,0,"Poschiavo",0,10.2
"651","2015-10-14",1,0,1,0,0,0,1,0,0,1,0,0,0,"Poschiavo",0,7.7
"652","2015-10-18",1,0,0,1,0,0,1,0,1,0,0,0,0,"Poschiavo",0,6
"653","2015-10-24",1,0,0,0,1,0,0,1,0,0,1,0,0,"Poschiavo",0,6.7
"654","2015-10-26",1,0,1,0,0,0,0,1,0,1,0,0,0,"Poschiavo",0,6.6
"655","2015-10-30",1,0,0,1,0,0,1,0,0,0,0,0,1,"Poschiavo",0,6.8
"656","2015-11-05",1,0,0,1,0,0,0,1,0,0,1,0,0,"Poschiavo",0,6.5
"657","2015-11-07",1,0,1,0,0,0,1,0,0,0,1,0,0,"Poschiavo",0,8.4
"658","2015-11-08",1,0,0,1,0,0,0,1,0,1,0,0,0,"Poschiavo",0,9.8
"659","2015-11-12",1,0,0,0,1,0,0,1,0,0,0,1,0,"Poschiavo",0,8
"660","2015-11-13",1,1,0,0,0,0,1,0,0,0,0,0,1,"Poschiavo",0,6.9
"661","2015-11-22",1,0,1,0,0,0,1,0,0,0,1,0,0,"Poschiavo",243,1.5
"662","2015-11-25",1,0,1,0,0,0,1,0,0,1,0,0,0,"Poschiavo",28,-1.7
"663","2015-12-04",1,0,0,0,0,1,0,1,0,0,1,0,0,"Poschiavo",0,2.2
"664","2015-12-06",1,0,0,0,1,0,1,0,0,0,1,0,0,"Poschiavo",0,-0.1
"665","2015-12-12",1,0,0,0,0,1,1,0,0,1,0,0,0,"Poschiavo",0,0.4
"666","2015-12-23",1,0,1,0,0,0,1,0,0,0,1,0,0,"Poschiavo",0,0.2
"667","2015-12-24",1,0,0,1,0,0,1,0,0,1,0,0,0,"Poschiavo",0,1
"668","2015-12-26",1,0,0,0,1,0,1,0,0,0,0,1,0,"Poschiavo",0,1.6
"669","2015-12-27",1,0,0,0,0,1,0,1,0,0,0,0,1,"Poschiavo",0,2.1
"670","2015-12-31",1,0,0,1,0,0,0,1,0,0,1,0,0,"Poschiavo",0,-2
"671","2016-01-01",1,0,1,0,0,0,0,1,0,1,0,0,0,"Poschiavo",0,-0.8
"672","2016-01-02",3,0,1,1,0,1,2,1,0,0,3,0,0,"Poschiavo",0,-1.4
"673","2016-01-08",5,0,2,3,0,0,2,3,0,1,3,1,0,"Poschiavo",0,-1.7
"674","2016-01-09",1,0,0,0,1,0,0,1,1,0,0,0,0,"Poschiavo",0,1.1
"675","2016-01-12",1,0,1,0,0,0,1,0,0,1,0,0,0,"Poschiavo",0,0.1
"676","2016-01-13",1,0,0,0,1,0,1,0,0,0,1,0,0,"Poschiavo",136,0.1
"677","2016-01-14",1,0,0,0,1,0,1,0,0,0,0,1,0,"Poschiavo",0,-3.3
"678","2016-01-19",1,0,0,1,0,0,0,1,0,0,0,1,0,"Poschiavo",0,-7.7
"679","2016-01-23",1,0,0,1,0,0,1,0,0,0,1,0,0,"Poschiavo",122,1.7
"680","2016-01-25",1,0,0,0,0,1,1,0,0,0,0,1,0,"Poschiavo",0,2.6
"681","2016-01-29",1,0,0,0,1,0,0,1,1,0,0,0,0,"Poschiavo",0,2.1
"682","2016-01-31",1,0,0,0,0,1,0,1,0,0,1,0,0,"Poschiavo",0,3.9
"683","2016-02-01",1,0,0,1,0,0,0,1,0,1,0,0,0,"Poschiavo",90,9.6
"684","2016-02-04",1,0,1,0,0,0,1,0,0,0,0,1,0,"Poschiavo",181,2.1
"685","2016-02-09",1,1,0,0,0,0,1,0,0,0,0,1,0,"Poschiavo",0,1.6
"686","2016-02-13",1,0,0,0,1,0,0,1,0,0,0,0,1,"Poschiavo",0,-2
"687","2016-02-14",2,0,1,0,0,1,0,2,0,1,1,0,0,"Poschiavo",0,-1
"688","2016-02-21",1,0,0,0,0,1,0,1,0,1,0,0,0,"Poschiavo",0,3.5
"689","2016-02-24",1,0,1,0,0,0,1,0,0,0,0,0,1,"Poschiavo",83,2.9
"690","2016-02-28",1,0,0,0,1,0,1,0,0,0,1,0,0,"Poschiavo",0,2.7
"691","2016-03-03",1,0,0,1,0,0,1,0,0,1,0,0,0,"Poschiavo",284,1.9
"692","2016-03-06",1,0,0,1,0,0,1,0,0,0,1,0,0,"Poschiavo",8,-1
"693","2016-03-07",1,0,0,0,0,1,0,1,0,0,1,0,0,"Poschiavo",14,-0.7
"694","2016-03-08",2,0,0,0,2,0,2,0,0,0,2,0,0,"Poschiavo",227,-0.3
"695","2016-03-11",1,0,1,0,0,0,1,0,0,0,0,1,0,"Poschiavo",0,0.8
"696","2016-03-20",2,0,0,0,2,0,2,0,0,0,0,2,0,"Poschiavo",0,4.5
"697","2016-03-22",2,0,0,2,0,0,2,0,0,1,0,1,0,"Poschiavo",9,4.3
"698","2016-03-24",1,0,0,0,1,0,0,1,0,0,1,0,0,"Poschiavo",223,6.8
"699","2016-04-01",1,0,0,1,0,0,1,0,0,0,0,1,0,"Poschiavo",0,8.5
"700","2016-04-05",1,0,0,0,0,1,1,0,0,1,0,0,0,"Poschiavo",0,9.4
"701","2016-04-07",1,0,0,0,1,0,1,0,0,1,0,0,0,"Poschiavo",0,10.6
"702","2016-04-09",1,0,0,0,1,0,1,0,0,0,0,0,1,"Poschiavo",0,7.3
"703","2016-04-10",1,0,0,0,0,1,1,0,0,0,1,0,0,"Poschiavo",0,7.8
"704","2016-04-14",1,0,0,0,1,0,0,1,0,0,0,1,0,"Poschiavo",98,8.3
"705","2016-04-18",1,0,0,0,0,1,0,1,1,0,0,0,0,"Poschiavo",0,7.1
"706","2016-05-01",1,0,0,0,1,0,1,0,0,0,1,0,0,"Poschiavo",0,5.6
"707","2016-05-02",1,0,0,0,1,0,0,1,0,0,1,0,0,"Poschiavo",250,11.7
"708","2016-05-03",1,0,0,1,0,0,1,0,0,0,0,1,0,"Poschiavo",287,11.1
"709","2016-05-04",2,0,1,0,0,1,1,1,0,1,1,0,0,"Poschiavo",281,9.7
"710","2016-05-14",2,0,0,1,1,0,1,1,1,0,0,1,0,"Poschiavo",153,11.1
"711","2016-05-22",1,0,0,0,0,1,0,1,0,0,1,0,0,"Poschiavo",0,13.4
"712","2016-05-27",2,0,2,0,0,0,1,1,0,0,0,0,2,"Poschiavo",0,14.8
"713","2016-05-28",1,0,0,0,0,1,0,1,0,0,1,0,0,"Poschiavo",0,16
"714","2016-05-30",2,0,1,1,0,0,1,1,1,0,0,1,0,"Poschiavo",0,10.3
"715","2016-06-02",1,0,0,0,0,1,1,0,0,0,1,0,0,"Poschiavo",0,11.8
"716","2016-06-04",1,0,0,0,0,1,0,1,0,0,1,0,0,"Poschiavo",0,10.8
"717","2016-06-06",2,0,0,1,1,0,2,0,0,1,1,0,0,"Poschiavo",0,13.4
"718","2016-06-10",1,0,1,0,0,0,1,0,0,0,1,0,0,"Poschiavo",0,13.4
"719","2016-06-11",1,0,0,0,0,1,0,1,0,0,1,0,0,"Poschiavo",0,12.4
"720","2016-06-18",1,0,0,1,0,0,1,0,0,0,1,0,0,"Poschiavo",0,10.7
"721","2016-07-06",1,0,1,0,0,0,0,1,0,1,0,0,0,"Poschiavo",110,19.5
"722","2016-07-11",1,0,0,0,0,1,0,1,0,0,1,0,0,"Poschiavo",0,19.7
"723","2016-07-16",1,0,0,0,0,1,0,1,0,0,1,0,0,"Poschiavo",174,15.8
"724","2016-07-17",2,0,1,0,0,1,0,2,0,0,1,1,0,"Poschiavo",4,15.8
"725","2016-07-21",1,0,0,0,1,0,1,0,0,0,0,0,1,"Poschiavo",0,18.6
"726","2016-07-24",1,0,0,1,0,0,0,1,0,1,0,0,0,"Poschiavo",0,16.1
"727","2016-07-25",3,0,1,0,2,0,2,1,0,1,1,0,1,"Poschiavo",0,17.2
"728","2016-07-27",2,0,1,1,0,0,1,1,0,0,1,0,1,"Poschiavo",0,15.9
"729","2016-08-01",1,0,1,0,0,0,1,0,0,0,0,1,0,"Poschiavo",5,14.9
"730","2016-08-02",1,0,1,0,0,0,1,0,0,0,1,0,0,"Poschiavo",0,15.7
"731","2016-08-08",1,0,0,0,1,0,0,1,0,0,1,0,0,"Poschiavo",0,15.1
"732","2016-08-18",1,0,0,0,1,0,0,1,0,1,0,0,0,"Poschiavo",0,15.6
"733","2016-08-19",1,0,0,0,1,0,1,0,0,1,0,0,0,"Poschiavo",0,15.6
"734","2016-08-25",1,0,0,0,0,1,0,1,0,0,1,0,0,"Poschiavo",0,18.6
"735","2016-08-31",1,0,1,0,0,0,0,1,0,0,0,0,1,"Poschiavo",0,16.2
"736","2016-09-07",1,0,1,0,0,0,1,0,0,0,1,0,0,"Poschiavo",0,12.9
"737","2016-09-18",1,0,0,1,0,0,1,0,1,0,0,0,0,"Poschiavo",0,11.5
"738","2016-09-23",1,0,0,0,1,0,1,0,0,0,1,0,0,"Poschiavo",0,12.1
"739","2016-09-27",1,0,0,1,0,0,1,0,0,0,0,0,1,"Poschiavo",0,11.9
"740","2016-09-30",1,0,1,0,0,0,0,1,0,0,0,0,1,"Poschiavo",0,13.5
"741","2016-10-03",1,0,0,1,0,0,0,1,0,0,0,1,0,"Poschiavo",233,11.5
"742","2016-10-06",1,0,0,0,1,0,1,0,0,0,0,0,1,"Poschiavo",0,4.6
"743","2016-10-08",1,0,0,0,1,0,1,0,0,0,0,0,1,"Poschiavo",0,6.9
"744","2016-10-09",1,0,1,0,0,0,1,0,0,0,0,1,0,"Poschiavo",0,5
"745","2016-10-14",1,0,0,0,0,1,1,0,0,0,1,0,0,"Poschiavo",0,7.1
"746","2016-10-18",1,0,0,0,0,1,1,0,0,0,0,0,1,"Poschiavo",0,7.7
"747","2016-10-23",3,0,1,2,0,0,0,3,0,1,2,0,0,"Poschiavo",0,4.7
"748","2016-10-27",1,0,0,1,0,0,0,1,0,0,0,0,1,"Poschiavo",0,6
"749","2016-10-28",1,0,0,0,0,1,0,1,0,0,1,0,0,"Poschiavo",0,5.4
"750","2016-10-29",1,0,0,0,0,1,0,1,0,0,1,0,0,"Poschiavo",30,10
"751","2016-10-30",1,0,1,0,0,0,0,1,0,0,0,0,1,"Poschiavo",3,8.1
"752","2016-11-01",2,0,1,0,0,1,2,0,0,0,1,0,1,"Poschiavo",0,4.6
"753","2016-11-02",1,0,0,0,0,1,0,1,1,0,0,0,0,"Poschiavo",0,6.3
"754","2016-11-03",1,1,0,0,0,0,0,1,0,0,0,0,1,"Poschiavo",99,6.2
"755","2016-11-04",1,0,1,0,0,0,1,0,0,0,0,0,1,"Poschiavo",0,5.5
"756","2016-11-08",1,0,0,0,1,0,1,0,0,0,0,1,0,"Poschiavo",113,0.2
"757","2016-11-12",1,0,0,0,1,0,1,0,0,0,0,1,0,"Poschiavo",158,2.6
"758","2016-11-13",2,0,0,1,0,1,0,2,0,0,0,0,2,"Poschiavo",0,2
"759","2016-11-17",1,0,0,0,1,0,1,0,0,0,0,0,1,"Poschiavo",0,3
"760","2016-11-20",1,0,1,0,0,0,1,0,0,1,0,0,0,"Poschiavo",0,4.4
"761","2016-11-22",1,0,1,0,0,0,1,0,0,0,0,0,1,"Poschiavo",0,7
"762","2016-11-23",1,0,0,0,1,0,1,0,0,0,1,0,0,"Poschiavo",0,7.7
"763","2016-11-24",2,0,2,0,0,0,2,0,0,1,0,0,1,"Poschiavo",0,6.8
"764","2016-12-02",1,0,1,0,0,0,0,1,0,0,0,0,1,"Poschiavo",207,10.8
"765","2016-12-03",1,0,0,1,0,0,1,0,0,0,1,0,0,"Poschiavo",0,0.1
"766","2016-12-05",1,0,1,0,0,0,0,1,0,0,0,0,1,"Poschiavo",0,-0.9
"767","2016-12-06",1,0,0,0,0,1,0,1,0,0,1,0,0,"Poschiavo",0,-1.1
"768","2016-12-08",1,0,0,0,1,0,0,1,1,0,0,0,0,"Poschiavo",0,1.1
"769","2016-12-10",1,0,1,0,0,0,0,1,0,1,0,0,0,"Poschiavo",0,3.1
"770","2016-12-14",1,0,0,0,1,0,1,0,0,0,0,1,0,"Poschiavo",0,-0.5
"771","2016-12-15",1,0,0,1,0,0,0,1,0,0,0,0,1,"Poschiavo",0,-1
"772","2016-12-24",2,0,0,1,0,1,1,1,0,0,0,1,1,"Poschiavo",110,5.6
"773","2016-12-28",2,0,0,0,0,2,0,2,0,1,0,0,1,"Poschiavo",288,9.8
"774","2016-12-30",1,0,0,1,0,0,0,1,0,0,0,1,0,"Poschiavo",0,-2.6
"775","2016-12-31",3,0,0,2,0,1,1,2,1,0,1,1,0,"Poschiavo",0,-0.4
"776","2017-01-02",1,0,1,0,0,0,0,1,0,1,0,0,0,"Poschiavo",40,-1.2
"777","2017-01-06",2,0,1,0,1,0,0,2,0,1,0,1,0,"Poschiavo",250,-3.1
"778","2017-01-08",1,0,0,0,0,1,0,1,0,0,0,1,0,"Poschiavo",203,1.4
"779","2017-01-09",1,0,0,1,0,0,0,1,0,1,0,0,0,"Poschiavo",16,-3.6
"780","2017-01-11",1,0,0,0,1,0,1,0,0,0,0,1,0,"Poschiavo",0,-4.9
"781","2017-01-12",2,0,0,1,0,1,1,1,1,0,1,0,0,"Poschiavo",0,-3.4
"782","2017-01-19",1,0,0,0,1,0,1,0,0,0,0,1,0,"Poschiavo",0,-6.2
"783","2017-01-20",2,0,1,0,1,0,0,2,0,0,0,2,0,"Poschiavo",0,-6.5
"784","2017-01-22",1,0,0,0,1,0,0,1,0,0,1,0,0,"Poschiavo",0,-4.9
"785","2017-01-27",1,0,0,0,0,1,0,1,0,0,1,0,0,"Poschiavo",0,-3.9
"786","2017-01-30",1,0,0,1,0,0,0,1,0,0,1,0,0,"Poschiavo",0,-0.3
"787","2017-02-02",1,0,1,0,0,0,1,0,0,0,1,0,0,"Poschiavo",0,2.5
"788","2017-02-04",2,0,1,0,0,1,1,1,0,0,0,1,1,"Poschiavo",0,0.6
"789","2017-02-06",1,0,1,0,0,0,1,0,0,0,0,0,1,"Poschiavo",193,4.3
"790","2017-02-09",1,0,1,0,0,0,1,0,0,0,0,0,1,"Poschiavo",0,-0.4
"791","2017-02-10",2,1,0,0,1,0,0,2,0,0,1,1,0,"Poschiavo",0,-1.1
"792","2017-02-11",1,0,0,0,1,0,0,1,0,0,1,0,0,"Poschiavo",0,-2
"793","2017-02-14",1,0,0,1,0,0,1,0,0,0,0,1,0,"Poschiavo",0,0.6
"794","2017-02-16",1,0,1,0,0,0,0,1,0,0,0,0,1,"Poschiavo",0,2.4
"795","2017-02-19",1,0,1,0,0,0,0,1,0,0,0,0,1,"Poschiavo",0,0
"796","2017-02-21",2,1,0,0,0,1,2,0,0,0,0,1,1,"Poschiavo",0,3.3
"797","2017-02-23",1,0,0,0,0,1,1,0,1,0,0,0,0,"Poschiavo",0,3.4
"798","2017-02-26",2,0,0,0,1,1,0,2,0,1,1,0,0,"Poschiavo",0,1.9
"799","2017-02-27",1,0,0,0,1,0,0,1,0,0,1,0,0,"Poschiavo",0,2.9
"800","2017-03-01",5,0,0,3,2,0,4,1,0,1,4,0,0,"Poschiavo",59,2.4
"801","2017-03-05",1,0,1,0,0,0,1,0,0,0,0,1,0,"Poschiavo",0,2.1
"802","2017-03-06",1,0,0,0,0,1,0,1,0,0,0,0,1,"Poschiavo",6,1.6
"803","2017-03-09",1,0,1,0,0,0,0,1,0,1,0,0,0,"Poschiavo",112,8.3
"804","2017-03-11",2,0,1,0,0,1,1,1,0,0,1,0,1,"Poschiavo",2,4.7
"805","2017-03-13",1,0,1,0,0,0,0,1,0,0,1,0,0,"Poschiavo",0,2.5
"806","2017-03-17",1,0,0,0,0,1,0,1,0,0,1,0,0,"Poschiavo",10,7.6
"807","2017-03-31",2,0,0,0,2,0,2,0,0,0,0,1,1,"Poschiavo",0,9.7
"808","2017-04-05",1,0,0,0,1,0,1,0,0,0,0,1,0,"Poschiavo",186,10.1
"809","2017-04-08",1,0,0,0,0,1,0,1,0,0,0,0,1,"Poschiavo",1,10.5
"810","2017-04-14",1,0,0,0,1,0,0,1,0,0,0,0,1,"Poschiavo",9,9.5
"811","2017-04-18",1,0,1,0,0,0,1,0,0,0,0,1,0,"Poschiavo",285,4
"812","2017-04-27",1,0,0,0,1,0,0,1,0,1,0,0,0,"Poschiavo",0,5.4
"813","2017-05-02",1,0,0,1,0,0,1,0,0,0,1,0,0,"Poschiavo",0,5.1
"814","2017-05-03",2,0,1,1,0,0,2,0,0,0,2,0,0,"Poschiavo",0,4.5
"815","2017-05-10",1,0,0,0,1,0,1,0,0,0,1,0,0,"Poschiavo",0,9
"816","2017-05-13",1,0,1,0,0,0,0,1,1,0,0,0,0,"Poschiavo",0,11.4
"817","2017-05-18",1,1,0,0,0,0,1,0,0,0,0,1,0,"Poschiavo",0,14.9
"818","2017-05-20",1,1,0,0,0,0,1,0,0,0,0,1,0,"Poschiavo",158,10.7
"819","2017-05-21",2,0,0,0,2,0,0,2,0,0,2,0,0,"Poschiavo",48,13.3
"820","2017-05-22",1,0,1,0,0,0,1,0,0,0,1,0,0,"Poschiavo",0,13
"821","2017-05-24",1,0,1,0,0,0,1,0,0,0,1,0,0,"Poschiavo",228,18.2
"822","2017-05-27",1,1,0,0,0,0,1,0,1,0,0,0,0,"Poschiavo",0,15.4
"823","2017-05-29",1,0,0,0,0,1,1,0,0,0,0,1,0,"Poschiavo",0,18.4
"824","2017-06-09",1,0,0,0,1,0,1,0,0,0,1,0,0,"Poschiavo",0,12.9
"825","2017-06-14",3,1,2,0,0,0,3,0,1,2,0,0,0,"Poschiavo",0,18.7
"826","2017-06-21",1,0,0,1,0,0,0,1,0,0,0,1,0,"Poschiavo",0,20.2
"827","2017-06-22",1,0,1,0,0,0,1,0,1,0,0,0,0,"Poschiavo",0,20.8
"828","2017-07-04",1,0,1,0,0,0,1,0,0,1,0,0,0,"Poschiavo",0,16.2
"829","2017-07-09",1,0,0,0,0,1,0,1,0,0,1,0,0,"Poschiavo",0,17.7
"830","2017-07-10",1,0,1,0,0,0,1,0,1,0,0,0,0,"Poschiavo",0,16.5
"831","2017-07-21",1,0,0,0,1,0,1,0,0,0,1,0,0,"Poschiavo",0,16.2
"832","2017-07-24",1,0,0,0,1,0,1,0,0,0,1,0,0,"Poschiavo",72,14.7
"833","2017-08-01",1,0,0,0,1,0,0,1,1,0,0,0,0,"Poschiavo",0,19.7
"834","2017-08-03",1,0,1,0,0,0,0,1,0,1,0,0,0,"Poschiavo",0,20.3
"835","2017-08-16",1,0,1,0,0,0,1,0,0,0,0,1,0,"Poschiavo",0,17.3
"836","2017-08-20",1,0,0,0,1,0,0,1,0,0,1,0,0,"Poschiavo",117,15.7
"837","2017-08-29",1,0,0,0,1,0,1,0,0,0,0,1,0,"Poschiavo",0,16.6
"838","2017-09-01",1,0,1,0,0,0,0,1,0,1,0,0,0,"Poschiavo",0,12.5
"839","2017-09-02",3,0,1,1,0,1,0,3,0,1,0,0,2,"Poschiavo",146,10.6
"840","2017-09-03",2,0,1,1,0,0,1,1,0,1,1,0,0,"Poschiavo",186,12.1
"841","2017-09-19",1,0,1,0,0,0,1,0,0,1,0,0,0,"Poschiavo",272,10.1
"842","2017-09-22",1,0,1,0,0,0,0,1,0,1,0,0,0,"Poschiavo",0,8.5
"843","2017-09-26",1,0,0,1,0,0,0,1,0,1,0,0,0,"Poschiavo",0,11.3
"844","2017-09-27",1,0,0,1,0,0,1,0,0,0,1,0,0,"Poschiavo",0,11.5
"845","2017-09-28",1,0,0,1,0,0,1,0,0,0,1,0,0,"Poschiavo",0,10.7
"846","2017-10-02",1,0,1,0,0,0,0,1,1,0,0,0,0,"Poschiavo",NA,10.5
"847","2017-10-06",1,1,0,0,0,0,1,0,1,0,0,0,0,"Poschiavo",260,10.8
"848","2017-10-10",1,0,1,0,0,0,0,1,0,1,0,0,0,"Poschiavo",0,6.4
"849","2017-10-12",1,0,0,1,0,0,0,1,0,0,0,0,1,"Poschiavo",0,8
"850","2017-10-14",1,0,1,0,0,0,0,1,0,1,0,0,0,"Poschiavo",0,9.5
"851","2017-10-15",1,0,0,0,0,1,1,0,0,0,0,1,0,"Poschiavo",0,10.2
"852","2017-10-16",1,0,1,0,0,0,1,0,0,0,0,0,1,"Poschiavo",0,10
"853","2017-10-17",1,0,1,0,0,0,0,1,0,0,0,0,1,"Poschiavo",0,9.2
"854","2017-10-20",1,0,0,1,0,0,0,1,0,0,0,1,0,"Poschiavo",0,7.9
"855","2017-10-23",1,0,1,0,0,0,1,0,0,0,0,0,1,"Poschiavo",288,8.7
"856","2017-10-25",1,0,0,0,0,1,1,0,0,0,1,0,0,"Poschiavo",0,8.8
"857","2017-10-27",1,0,0,1,0,0,1,0,0,0,1,0,0,"Poschiavo",209,11.6
"858","2017-11-11",1,0,0,0,1,0,0,1,0,0,1,0,0,"Poschiavo",0,4.2
"859","2017-11-16",1,0,0,0,1,0,0,1,0,0,1,0,0,"Poschiavo",0,1.8
"860","2017-11-22",1,0,0,0,0,1,0,1,0,0,1,0,0,"Poschiavo",0,1.5
"861","2017-11-23",1,0,0,0,0,1,1,0,0,0,1,0,0,"Poschiavo",0,4
"862","2017-11-24",2,0,0,1,1,0,2,0,0,1,1,0,0,"Poschiavo",0,2.2
"863","2017-11-26",1,0,0,0,1,0,1,0,0,0,1,0,0,"Poschiavo",288,1.2
"864","2017-11-27",2,0,1,0,0,1,0,2,0,0,1,0,1,"Poschiavo",140,-0.4
"865","2017-11-28",1,0,1,0,0,0,0,1,1,0,0,0,0,"Poschiavo",0,-1.4
"866","2017-12-02",1,0,1,0,0,0,0,1,0,0,0,1,0,"Poschiavo",16,-2.4
"867","2017-12-06",1,0,0,0,1,0,0,1,1,0,0,0,0,"Poschiavo",0,-0.4
"868","2017-12-12",1,0,0,0,1,0,0,1,0,0,1,0,0,"Poschiavo",0,1.6
"869","2017-12-14",1,0,0,0,0,1,1,0,0,0,1,0,0,"Poschiavo",0,-1.9
"870","2017-12-18",1,0,0,0,1,0,0,1,0,0,1,0,0,"Poschiavo",1,-5.5
"871","2017-12-20",1,0,0,0,0,1,1,0,0,0,1,0,0,"Poschiavo",0,-5.2
"872","2017-12-21",1,0,0,0,1,0,0,1,0,0,1,0,0,"Poschiavo",41,-0.5
"873","2017-12-28",1,0,0,0,1,0,0,1,0,0,1,0,0,"Poschiavo",258,0.1
"874","2017-12-30",1,0,0,1,0,0,1,0,0,0,0,1,0,"Poschiavo",0,-1.9
"875","2017-12-31",1,0,0,1,0,0,0,1,0,0,0,1,0,"Poschiavo",0,-0.6
"876","2018-01-02",1,0,0,0,1,0,1,0,1,0,0,0,0,"Poschiavo",181,2.2
"877","2018-01-03",1,0,0,0,1,0,1,0,0,0,0,1,0,"Poschiavo",20,0
"878","2018-01-08",1,0,1,0,0,0,0,1,1,0,0,0,0,"Poschiavo",0,2.9
"879","2018-01-12",1,0,0,0,0,1,0,1,0,0,0,0,1,"Poschiavo",1,-0.4
"880","2018-01-13",1,0,0,0,1,0,0,1,0,0,0,0,1,"Poschiavo",0,-3.1
"881","2018-01-14",1,0,0,1,0,0,1,0,0,0,0,0,1,"Poschiavo",0,-3.7
"882","2018-01-23",1,0,0,0,1,0,0,1,0,0,1,0,0,"Poschiavo",182,5.9
"883","2018-01-28",2,0,0,0,2,0,2,0,0,1,1,0,0,"Poschiavo",4,3
"884","2018-01-31",1,1,0,0,0,0,1,0,0,0,0,1,0,"Poschiavo",0,0.1
"885","2018-02-04",1,0,1,0,0,0,0,1,0,0,1,0,0,"Poschiavo",0,-4.6
"886","2018-02-12",1,0,0,0,1,0,0,1,0,0,0,1,0,"Poschiavo",194,-1.4
"887","2018-02-14",2,0,2,0,0,0,2,0,0,0,0,1,1,"Poschiavo",86,-5.1
"888","2018-02-15",1,1,0,0,0,0,1,0,0,0,0,1,0,"Poschiavo",0,-3.8
"889","2018-02-16",2,0,1,1,0,0,2,0,0,0,0,1,1,"Poschiavo",0,0.5
"890","2018-02-18",1,0,0,0,1,0,1,0,0,0,0,1,0,"Poschiavo",161,3.5
"891","2018-02-22",2,0,0,0,2,0,1,1,0,0,1,1,0,"Poschiavo",0,-1.2
"892","2018-02-23",1,0,0,0,1,0,0,1,0,0,1,0,0,"Poschiavo",0,-1.3
"893","2018-02-26",2,0,1,0,1,0,2,0,0,1,1,0,0,"Poschiavo",197,-8.6
"894","2018-03-02",2,0,0,0,1,1,0,2,0,0,0,1,1,"Poschiavo",0,-3.4
"895","2018-03-04",1,0,1,0,0,0,1,0,0,0,1,0,0,"Poschiavo",0,-0.4
"896","2018-03-05",1,0,0,0,0,1,1,0,1,0,0,0,0,"Poschiavo",0,1.1
"897","2018-03-07",1,0,0,0,0,1,0,1,0,0,1,0,0,"Poschiavo",0,-0.2
"898","2018-03-09",2,0,1,0,1,0,1,1,0,0,1,1,0,"Poschiavo",0,1.5
"899","2018-03-10",1,0,0,1,0,0,1,0,0,0,1,0,0,"Poschiavo",0,2
"900","2018-03-12",2,0,1,0,0,1,1,1,0,0,0,2,0,"Poschiavo",0,2.9
"901","2018-03-14",1,0,0,1,0,0,1,0,0,0,1,0,0,"Poschiavo",14,3.4
"902","2018-03-15",1,0,0,0,0,1,0,1,1,0,0,0,0,"Poschiavo",0,1.9
"903","2018-03-18",1,0,0,0,0,1,0,1,0,0,0,0,1,"Poschiavo",0,1.9
"904","2018-03-19",1,0,1,0,0,0,1,0,0,1,0,0,0,"Poschiavo",150,2.9
"905","2018-03-20",1,0,1,0,0,0,1,0,0,1,0,0,0,"Poschiavo",172,0.7
"906","2018-03-24",1,0,0,0,1,0,1,0,0,0,1,0,0,"Poschiavo",0,0.5
"907","2018-03-25",1,0,0,0,1,0,1,0,1,0,0,0,0,"Poschiavo",0,2.3
"908","2018-03-30",1,0,0,1,0,0,1,0,0,0,0,1,0,"Poschiavo",0,4.2
"909","2018-03-31",2,0,2,0,0,0,1,1,0,0,1,1,0,"Poschiavo",54,4.7
"910","2018-04-02",3,0,1,1,0,1,0,3,1,0,1,1,0,"Poschiavo",0,4.8
"911","2018-04-03",1,0,0,0,1,0,1,0,0,0,1,0,0,"Poschiavo",0,4.2
"912","2018-04-05",1,0,0,0,0,1,0,1,0,0,1,0,0,"Poschiavo",69,7.4
"913","2018-04-14",2,0,1,1,0,0,2,0,0,0,1,1,0,"Poschiavo",0,7.6
"914","2018-04-16",1,0,1,0,0,0,0,1,0,0,0,1,0,"Poschiavo",129,11.4
"915","2018-04-17",1,0,0,0,1,0,0,1,0,0,1,0,0,"Poschiavo",116,11.6
"916","2018-04-25",1,0,1,0,0,0,0,1,0,0,1,0,0,"Poschiavo",0,13.7
"917","2018-04-27",1,0,0,1,0,0,1,0,0,0,0,1,0,"Poschiavo",0,11.4
"918","2018-04-28",1,0,0,1,0,0,1,0,0,0,1,0,0,"Poschiavo",0,12.5
"919","2018-04-29",2,0,0,0,2,0,2,0,0,0,0,1,1,"Poschiavo",0,11.3
"920","2018-05-09",1,0,1,0,0,0,0,1,0,0,0,1,0,"Poschiavo",0,11.6
"921","2018-05-10",3,0,0,1,2,0,3,0,0,0,2,1,0,"Poschiavo",0,11.2
"922","2018-05-11",1,0,1,0,0,0,0,1,0,0,0,1,0,"Poschiavo",0,11.8
"923","2018-05-13",1,0,0,0,0,1,0,1,0,1,0,0,0,"Poschiavo",0,11
"924","2018-05-15",2,0,1,0,0,1,1,1,0,1,1,0,0,"Poschiavo",15,8.9
"925","2018-05-19",1,0,0,1,0,0,1,0,0,0,0,1,0,"Poschiavo",0,10.4
"926","2018-05-22",1,0,1,0,0,0,1,0,0,0,1,0,0,"Poschiavo",0,10.8
"927","2018-05-24",1,0,0,0,1,0,0,1,0,0,1,0,0,"Poschiavo",0,13.8
"928","2018-05-25",2,0,0,0,1,1,1,1,0,0,0,1,1,"Poschiavo",0,14.7
"929","2018-05-31",1,0,0,1,0,0,1,0,0,0,0,0,1,"Poschiavo",0,14.2
"930","2018-06-06",1,0,1,0,0,0,0,1,0,1,0,0,0,"Poschiavo",0,14.2
"931","2018-06-11",1,0,0,1,0,0,1,0,0,0,0,0,1,"Poschiavo",0,15.9
"932","2018-06-17",2,1,1,0,0,0,0,2,0,1,1,0,0,"Poschiavo",0,17.3
"933","2018-06-27",1,0,1,0,0,0,0,1,0,0,0,0,1,"Poschiavo",184,17
"934","2018-06-28",1,0,1,0,0,0,1,0,0,1,0,0,0,"Poschiavo",150,16.7
"935","2018-06-29",1,0,0,0,1,0,0,1,0,0,1,0,0,"Poschiavo",1,16.5
"936","2018-07-01",1,0,0,1,0,0,1,0,0,0,1,0,0,"Poschiavo",0,19.5
"937","2018-07-03",1,0,0,0,1,0,0,1,0,0,0,1,0,"Poschiavo",6,15.9
"938","2018-07-04",1,0,1,0,0,0,1,0,0,1,0,0,0,"Poschiavo",0,15.9
"939","2018-07-06",1,0,0,0,1,0,1,0,0,1,0,0,0,"Poschiavo",190,17.5
"940","2018-07-07",1,0,1,0,0,0,1,0,0,0,1,0,0,"Poschiavo",205,19.9
"941","2018-07-10",2,0,0,2,0,0,0,2,0,0,2,0,0,"Poschiavo",0,16.4
"942","2018-07-12",1,0,0,0,1,0,1,0,0,0,1,0,0,"Poschiavo",0,15.7
"943","2018-07-17",1,0,1,0,0,0,1,0,0,0,1,0,0,"Poschiavo",198,19.3
"944","2018-07-20",1,0,0,1,0,0,1,0,1,0,0,0,0,"Poschiavo",0,17.8
"945","2018-07-21",1,0,1,0,0,0,0,1,1,0,0,0,0,"Poschiavo",0,13.4
"946","2018-07-24",1,0,0,0,0,1,1,0,0,1,0,0,0,"Poschiavo",0,17.8
"947","2018-07-31",1,0,0,0,1,0,1,0,0,0,0,0,1,"Poschiavo",0,20
"948","2018-08-03",2,1,0,0,0,1,0,2,1,1,0,0,0,"Poschiavo",0,19.5
"949","2018-08-04",1,0,0,1,0,0,1,0,0,0,1,0,0,"Poschiavo",0,19.4
"950","2018-08-05",1,0,1,0,0,0,1,0,0,0,0,1,0,"Poschiavo",0,20.5
"951","2018-08-06",1,0,0,0,0,1,0,1,0,0,0,1,0,"Poschiavo",0,19.2
"952","2018-08-12",1,0,1,0,0,0,0,1,0,1,0,0,0,"Poschiavo",0,16.7
"953","2018-08-14",1,0,0,0,1,0,0,1,0,0,1,0,0,"Poschiavo",48,16.5
"954","2018-08-15",1,0,1,0,0,0,1,0,0,0,1,0,0,"Poschiavo",0,16.6
"955","2018-08-19",1,0,1,0,0,0,1,0,0,1,0,0,0,"Poschiavo",0,16.7
"956","2018-08-23",2,0,1,0,1,0,1,1,0,0,1,1,0,"Poschiavo",0,15.6
"957","2018-09-04",1,0,0,0,1,0,0,1,0,0,1,0,0,"Poschiavo",0,12.9
"958","2018-09-10",1,0,0,0,0,1,0,1,0,0,0,0,1,"Poschiavo",0,14.8
"959","2018-09-15",1,0,0,1,0,0,1,0,0,0,1,0,0,"Poschiavo",0,15
"960","2018-09-17",1,0,0,0,1,0,0,1,0,0,0,0,1,"Poschiavo",0,15.6
"961","2018-09-19",1,0,0,0,0,1,0,1,0,1,0,0,0,"Poschiavo",0,14.3
"962","2018-09-20",1,0,1,0,0,0,1,0,0,0,1,0,0,"Poschiavo",0,14.5
"963","2018-09-23",1,0,0,0,1,0,0,1,0,1,0,0,0,"Poschiavo",0,18
"964","2018-09-25",1,0,1,0,0,0,1,0,0,0,0,0,1,"Poschiavo",0,7
"965","2018-09-28",2,0,0,1,1,0,2,0,0,1,0,1,0,"Poschiavo",32,12.3
"966","2018-10-07",1,0,0,1,0,0,1,0,1,0,0,0,0,"Poschiavo",0,10.5
"967","2018-10-19",1,0,0,1,0,0,1,0,1,0,0,0,0,"Poschiavo",0,10
"968","2018-10-21",1,0,0,0,0,1,1,0,0,1,0,0,0,"Poschiavo",112,10.8
"969","2018-10-23",1,0,0,0,0,1,0,1,0,0,0,1,0,"Poschiavo",134,11.1
"970","2018-10-28",1,0,0,0,1,0,0,1,0,0,1,0,0,"Poschiavo",0,6.5
"971","2018-10-30",1,1,0,0,0,0,0,1,1,0,0,0,0,"Poschiavo",0,5.4
"972","2018-11-01",1,0,1,0,0,0,0,1,0,1,0,0,0,"Poschiavo",0,5.9
"973","2018-11-02",1,0,0,0,0,1,0,1,0,0,1,0,0,"Poschiavo",0,6.8
"974","2018-11-11",2,0,0,2,0,0,1,1,0,0,0,1,1,"Poschiavo",0,7.9
"975","2018-11-20",1,0,0,0,1,0,1,0,0,0,0,1,0,"Poschiavo",0,-0.6
"976","2018-11-28",1,0,0,1,0,0,1,0,0,1,0,0,0,"Poschiavo",21,0.8
"977","2018-12-04",1,0,1,0,0,0,0,1,0,0,1,0,0,"Poschiavo",143,5.7
"978","2018-12-05",1,0,0,0,0,1,1,0,0,0,0,0,1,"Poschiavo",0,3.6
"979","2018-12-07",3,0,1,1,0,1,2,1,0,1,2,0,0,"Poschiavo",0,3.4
"980","2018-12-08",2,0,0,0,1,1,1,1,0,1,1,0,0,"Poschiavo",182,4.4
"981","2018-12-11",1,0,1,0,0,0,1,0,0,0,0,1,0,"Poschiavo",184,-0.1
"982","2018-12-22",1,0,0,0,0,1,1,0,0,1,0,0,0,"Poschiavo",60,2.5
"983","2018-12-24",1,0,0,1,0,0,1,0,0,0,0,1,0,"Poschiavo",134,4.4
"984","2018-12-30",1,1,0,0,0,0,0,1,0,0,0,0,1,"Poschiavo",258,6.4
"985","2019-01-02",1,0,0,0,0,1,0,1,0,1,0,0,0,"Poschiavo",280,1
"986","2019-01-03",1,0,1,0,0,0,1,0,0,0,1,0,0,"Poschiavo",288,-1.2
"987","2019-01-04",1,0,1,0,0,0,1,0,0,0,1,0,0,"Poschiavo",288,2.2
"988","2019-01-06",1,0,0,0,0,1,1,0,0,0,1,0,0,"Poschiavo",288,5.6
"989","2019-01-15",1,1,0,0,0,0,0,1,0,0,0,0,1,"Poschiavo",121,1.3
"990","2019-01-16",1,0,0,0,1,0,1,0,0,0,1,0,0,"Poschiavo",0,-1
"991","2019-01-17",2,0,1,0,1,0,1,1,0,0,1,0,1,"Poschiavo",0,0.6
"992","2019-01-19",1,0,0,0,1,0,1,0,0,0,0,1,0,"Poschiavo",0,-3.8
"993","2019-01-20",1,0,0,0,1,0,0,1,0,1,0,0,0,"Poschiavo",0,-5.2
"994","2019-01-26",1,0,1,0,0,0,1,0,0,0,1,0,0,"Poschiavo",179,4.8
"995","2019-01-27",1,0,0,0,1,0,0,1,0,0,0,1,0,"Poschiavo",0,-2
"996","2019-02-02",1,0,1,0,0,0,1,0,0,0,0,1,0,"Poschiavo",0,0.5
"997","2019-02-03",1,0,0,1,0,0,1,0,0,0,0,1,0,"Poschiavo",206,2.1
"998","2019-02-06",2,0,2,0,0,0,1,1,0,0,1,1,0,"Poschiavo",0,-3.2
"999","2019-02-07",1,0,0,0,1,0,0,1,0,0,1,0,0,"Poschiavo",0,-1
"1000","2019-02-08",1,0,1,0,0,0,1,0,0,0,0,1,0,"Poschiavo",26,0.8
"1001","2019-02-14",1,0,0,1,0,0,1,0,0,0,0,1,0,"Poschiavo",0,0.3
"1002","2019-02-15",1,0,1,0,0,0,0,1,0,1,0,0,0,"Poschiavo",0,1.2
"1003","2019-02-18",3,0,2,0,1,0,0,3,0,0,2,1,0,"Poschiavo",0,1.1
"1004","2019-02-20",1,0,0,0,1,0,1,0,0,0,0,1,0,"Poschiavo",0,1.4
"1005","2019-02-21",1,0,0,1,0,0,1,0,0,0,0,1,0,"Poschiavo",67,4.5
"1006","2019-02-27",1,1,0,0,0,0,1,0,0,0,0,1,0,"Poschiavo",14,7.9
"1007","2019-02-28",1,0,0,0,1,0,1,0,1,0,0,0,0,"Poschiavo",145,9.2
"1008","2019-03-01",1,0,0,0,1,0,1,0,1,0,0,0,0,"Poschiavo",236,8.1
"1009","2019-03-04",1,0,0,1,0,0,1,0,0,0,1,0,0,"Poschiavo",0,1.9
"1010","2019-03-07",1,0,0,1,0,0,1,0,0,0,0,0,1,"Poschiavo",0,4
"1011","2019-03-08",1,0,1,0,0,0,1,0,0,1,0,0,0,"Poschiavo",0,4.7
"1012","2019-03-26",1,0,0,0,1,0,0,1,0,0,1,0,0,"Poschiavo",262,4.7
"1013","2019-03-29",1,0,0,0,1,0,1,0,0,0,0,0,1,"Poschiavo",0,3.9
"1014","2019-04-06",2,0,2,0,0,0,0,2,0,0,0,0,2,"Poschiavo",0,5.8
"1015","2019-04-07",3,1,0,0,2,0,1,2,0,0,0,3,0,"Poschiavo",0,5.8
"1016","2019-04-10",1,0,0,0,0,1,0,1,0,0,0,1,0,"Poschiavo",0,7
"1017","2019-04-13",1,0,0,0,1,0,0,1,0,0,1,0,0,"Poschiavo",0,5.4
"1018","2019-04-15",1,0,0,0,1,0,1,0,0,0,0,1,0,"Poschiavo",0,5.2
"1019","2019-04-16",1,0,1,0,0,0,0,1,0,1,0,0,0,"Poschiavo",0,6.9
"1020","2019-04-22",1,0,0,0,1,0,1,0,0,0,1,0,0,"Poschiavo",0,10
"1021","2019-04-23",1,0,1,0,0,0,0,1,0,0,0,1,0,"Poschiavo",0,8.9
"1022","2019-04-24",1,0,0,0,1,0,1,0,0,0,1,0,0,"Poschiavo",0,8.4
"1023","2019-04-25",1,0,1,0,0,0,0,1,0,1,0,0,0,"Poschiavo",0,8.7
"1024","2019-04-26",1,0,0,0,1,0,1,0,0,0,1,0,0,"Poschiavo",29,7.1
"1025","2019-05-09",1,0,1,0,0,0,1,0,0,0,1,0,0,"Poschiavo",0,7.7
"1026","2019-05-14",1,0,1,0,0,0,1,0,1,0,0,0,0,"Poschiavo",209,8.2
"1027","2019-05-22",1,0,0,0,1,0,1,0,0,0,1,0,0,"Poschiavo",164,13.3
"1028","2019-05-23",1,0,1,0,0,0,1,0,0,1,0,0,0,"Poschiavo",73,12.8
"1029","2019-05-29",1,0,1,0,0,0,1,0,1,0,0,0,0,"Poschiavo",288,12.5
"1030","2019-05-31",1,0,1,0,0,0,0,1,0,0,1,0,0,"Poschiavo",74,13.4
"1031","2019-06-06",2,0,0,1,0,1,1,1,0,1,0,0,1,"Poschiavo",0,13.7
"1032","2019-06-08",1,0,1,0,0,0,0,1,0,1,0,0,0,"Poschiavo",0,15.5
"1033","2019-06-15",1,0,0,0,0,1,0,1,0,0,1,0,0,"Poschiavo",0,16.4
"1034","2019-06-26",2,0,1,1,0,0,1,1,0,1,0,1,0,"Poschiavo",0,21.8
"1035","2019-06-29",1,0,0,0,1,0,0,1,0,1,0,0,0,"Poschiavo",0,20
"1036","2019-06-30",1,0,0,1,0,0,0,1,0,1,0,0,0,"Poschiavo",0,21.5
"1037","2019-07-01",1,1,0,0,0,0,1,0,1,0,0,0,0,"Poschiavo",0,18.7
"1038","2019-07-04",1,0,0,0,0,1,0,1,0,0,1,0,0,"Poschiavo",0,16.5
"1039","2019-07-06",1,0,0,0,0,1,0,1,0,0,1,0,0,"Poschiavo",0,17.4
"1040","2019-07-16",1,1,0,0,0,0,1,0,1,0,0,0,0,"Poschiavo",0,15.2
"1041","2019-07-18",1,0,0,0,0,1,0,1,1,0,0,0,0,"Poschiavo",0,15.2
"1042","2019-07-19",1,0,1,0,0,0,1,0,0,1,0,0,0,"Poschiavo",0,16.4
"1043","2019-07-25",1,0,0,0,0,1,1,0,0,1,0,0,0,"Poschiavo",0,21.1
"1044","2019-07-28",1,0,0,0,1,0,1,0,0,1,0,0,0,"Poschiavo",91,17
"1045","2019-07-29",1,0,0,1,0,0,1,0,0,0,0,0,1,"Poschiavo",31,19.5
"1046","2019-08-03",1,0,0,1,0,0,0,1,0,1,0,0,0,"Poschiavo",168,18
"1047","2019-08-13",1,0,0,0,1,0,1,0,0,0,0,1,0,"Poschiavo",56,15.7
"1048","2019-08-15",1,0,1,0,0,0,1,0,0,1,0,0,0,"Poschiavo",0,13.4
"1049","2019-08-19",1,0,1,0,0,0,1,0,0,0,1,0,0,"Poschiavo",0,17.1
"1050","2019-08-21",1,0,1,0,0,0,1,0,0,1,0,0,0,"Poschiavo",0,16.8
"1051","2019-08-22",2,0,1,0,0,1,0,2,0,0,2,0,0,"Poschiavo",0,16.6
"1052","2019-08-25",1,0,1,0,0,0,1,0,0,0,1,0,0,"Poschiavo",0,16.1
"1053","2019-08-29",2,0,1,0,0,1,0,2,0,1,1,0,0,"Poschiavo",0,17.1
"1054","2019-08-30",2,0,2,0,0,0,0,2,0,0,0,1,1,"Poschiavo",0,17.2
"1055","2019-08-31",1,0,0,0,0,1,1,0,0,0,0,0,1,"Poschiavo",0,16.1
"1056","2019-09-02",1,0,0,0,1,0,0,1,0,0,1,0,0,"Poschiavo",51,15.9
"1057","2019-09-04",1,0,1,0,0,0,0,1,0,0,0,0,1,"Poschiavo",0,14.1
"1058","2019-09-08",1,0,1,0,0,0,0,1,0,0,0,1,0,"Poschiavo",23,8.6
"1059","2019-09-10",1,0,0,0,0,1,0,1,0,0,1,0,0,"Poschiavo",0,10.5
"1060","2019-09-18",1,0,1,0,0,0,1,0,0,0,0,1,0,"Poschiavo",0,14.3
"1061","2019-09-19",1,0,0,1,0,0,1,0,0,0,0,0,1,"Poschiavo",0,13.6
"1062","2019-09-22",1,0,0,0,1,0,0,1,0,0,1,0,0,"Poschiavo",NA,10.9
"1063","2019-09-27",1,0,0,0,1,0,1,0,1,0,0,0,0,"Poschiavo",0,11.6
"1064","2019-10-06",1,0,0,0,0,1,1,0,0,0,0,1,0,"Poschiavo",0,8.1
"1065","2019-10-07",1,0,0,1,0,0,0,1,0,0,1,0,0,"Poschiavo",97,9.3
"1066","2019-10-08",1,0,0,0,0,1,1,0,0,0,0,0,1,"Poschiavo",0,6.5
"1067","2019-10-11",1,0,0,0,0,1,1,0,0,0,0,1,0,"Poschiavo",0,6.1
"1068","2019-10-12",1,0,1,0,0,0,0,1,1,0,0,0,0,"Poschiavo",0,7.1
"1069","2019-10-14",1,0,0,0,1,0,1,0,0,0,0,0,1,"Poschiavo",0,9.7
"1070","2019-10-16",1,0,0,0,0,1,0,1,0,0,0,1,0,"Poschiavo",0,6.9
"1071","2019-10-22",1,1,0,0,0,0,1,0,0,0,0,1,0,"Poschiavo",0,11.1
"1072","2019-10-23",2,1,0,0,1,0,2,0,1,0,0,1,0,"Poschiavo",0,9.9
"1073","2019-10-26",2,0,0,0,1,1,1,1,0,0,2,0,0,"Poschiavo",0,9.2
"1074","2019-10-28",1,0,0,0,1,0,1,0,0,0,1,0,0,"Poschiavo",0,11.2
"1075","2019-10-31",1,0,0,1,0,0,0,1,0,0,0,0,1,"Poschiavo",0,7.8
"1076","2019-11-02",1,0,0,0,0,1,0,1,0,1,0,0,0,"Poschiavo",0,6.8
"1077","2019-11-07",1,0,0,0,1,0,0,1,0,0,1,0,0,"Poschiavo",0,1.9
"1078","2019-11-08",1,0,0,0,1,0,0,1,0,0,0,0,1,"Poschiavo",0,3.1
"1079","2019-11-10",1,0,0,0,1,0,0,1,1,0,0,0,0,"Poschiavo",0,0.1
"1080","2019-11-11",1,0,0,0,0,1,0,1,0,1,0,0,0,"Poschiavo",0,0.6
"1081","2019-11-19",1,0,0,0,0,1,0,1,1,0,0,0,0,"Poschiavo",0,1.9
"1082","2019-11-25",1,0,0,0,1,0,1,0,0,0,0,0,1,"Poschiavo",0,4.7
"1083","2019-11-26",1,0,1,0,0,0,0,1,0,0,0,1,0,"Poschiavo",0,5.2
"1084","2019-11-28",1,0,0,1,0,0,1,0,0,0,1,0,0,"Poschiavo",0,3.1
"1085","2019-12-01",2,0,1,1,0,0,1,1,1,0,1,0,0,"Poschiavo",0,0.8
"1086","2019-12-02",2,0,2,0,0,0,2,0,0,0,2,0,0,"Poschiavo",106,3.2
"1087","2019-12-04",3,0,2,1,0,0,2,1,0,0,1,0,2,"Poschiavo",0,-2.3
"1088","2019-12-05",1,0,0,0,1,0,1,0,0,1,0,0,0,"Poschiavo",0,-0.6
"1089","2019-12-09",1,1,0,0,0,0,0,1,1,0,0,0,0,"Poschiavo",24,2.3
"1090","2019-12-13",1,0,0,0,1,0,1,0,0,0,0,0,1,"Poschiavo",73,-2
"1091","2019-12-15",1,0,1,0,0,0,0,1,0,1,0,0,0,"Poschiavo",0,1
"1092","2019-12-19",1,0,0,0,0,1,1,0,0,0,0,1,0,"Poschiavo",0,3.6
"1093","2019-12-21",1,0,0,0,0,1,1,0,0,0,0,1,0,"Poschiavo",0,1.8
"1094","2019-12-22",1,0,1,0,0,0,0,1,1,0,0,0,0,"Poschiavo",77,3.3
"1095","2019-12-23",2,0,0,1,0,1,2,0,0,1,1,0,0,"Poschiavo",282,5.5
"1096","2019-12-24",2,0,1,0,1,0,1,1,0,0,0,1,1,"Poschiavo",112,4.8
"1097","2019-12-26",1,0,0,0,0,1,0,1,0,0,1,0,0,"Poschiavo",6,1
"1098","2019-12-29",1,0,0,1,0,0,0,1,0,0,1,0,0,"Poschiavo",0,-0.7
"1099","2020-01-03",2,0,0,1,1,0,0,2,1,0,1,0,0,"Poschiavo",NA,NA
"1100","2020-01-04",1,0,0,0,0,1,1,0,0,0,0,1,0,"Poschiavo",NA,NA
"1101","2020-01-07",1,0,0,0,0,1,0,1,0,0,0,1,0,"Poschiavo",NA,NA
"1102","2020-01-08",2,0,2,0,0,0,1,1,0,0,1,1,0,"Poschiavo",NA,NA
"1103","2020-01-11",1,0,0,0,0,1,0,1,1,0,0,0,0,"Poschiavo",NA,NA
"1104","2020-01-21",1,0,0,0,0,1,0,1,1,0,0,0,0,"Poschiavo",NA,NA
"1105","2020-01-23",1,0,1,0,0,0,0,1,0,0,0,0,1,"Poschiavo",NA,NA
"1106","2020-01-25",1,0,0,1,0,0,0,1,1,0,0,0,0,"Poschiavo",NA,NA
"1107","2020-01-26",2,0,1,0,1,0,0,2,0,0,0,1,1,"Poschiavo",NA,NA
"1108","2020-01-31",1,0,0,0,0,1,0,1,0,0,0,1,0,"Poschiavo",NA,NA
"1109","2020-02-01",1,0,0,1,0,0,0,1,0,0,0,1,0,"Poschiavo",NA,NA
"1110","2020-02-03",1,1,0,0,0,0,1,0,0,0,0,1,0,"Poschiavo",NA,NA
"1111","2020-02-05",2,0,0,1,1,0,1,1,0,0,1,0,1,"Poschiavo",NA,NA
"1112","2020-02-06",4,0,1,0,2,1,1,3,0,2,1,1,0,"Poschiavo",NA,NA
"1113","2020-02-07",2,1,1,0,0,0,2,0,0,0,0,1,1,"Poschiavo",NA,NA
"1114","2020-02-08",1,1,0,0,0,0,1,0,0,0,0,1,0,"Poschiavo",NA,NA
"1115","2020-02-09",2,0,1,0,1,0,1,1,1,0,0,0,1,"Poschiavo",NA,NA
"1116","2020-02-11",1,1,0,0,0,0,1,0,0,0,0,1,0,"Poschiavo",NA,NA
"1117","2020-02-17",1,0,0,0,0,1,0,1,0,1,0,0,0,"Poschiavo",NA,NA
"1118","2020-02-19",1,0,1,0,0,0,0,1,0,0,0,1,0,"Poschiavo",NA,NA
"1119","2020-02-20",1,0,0,0,1,0,1,0,1,0,0,0,0,"Poschiavo",NA,NA
"1120","2020-02-25",1,0,1,0,0,0,1,0,1,0,0,0,0,"Poschiavo",NA,NA
"1121","2020-03-01",1,0,0,1,0,0,0,1,0,1,0,0,0,"Poschiavo",NA,NA
"1122","2020-03-05",1,0,1,0,0,0,0,1,0,0,0,1,0,"Poschiavo",NA,NA
"1123","2020-03-13",1,0,0,0,1,0,0,1,0,0,0,1,0,"Poschiavo",NA,NA
"1124","2020-03-15",1,0,0,1,0,0,0,1,0,0,0,1,0,"Poschiavo",NA,NA
"1125","2020-03-16",1,0,0,0,0,1,0,1,0,0,0,1,0,"Poschiavo",NA,NA
"1126","2020-03-20",2,0,0,2,0,0,1,1,0,0,0,2,0,"Poschiavo",NA,NA
"1127","2020-03-22",2,0,1,0,1,0,0,2,0,1,0,1,0,"Poschiavo",NA,NA
"1128","2020-03-24",1,0,0,1,0,0,1,0,0,0,0,1,0,"Poschiavo",NA,NA
"1129","2020-03-25",2,0,0,2,0,0,0,2,0,0,0,2,0,"Poschiavo",NA,NA
"1130","2020-03-28",1,0,0,1,0,0,0,1,0,0,0,1,0,"Poschiavo",NA,NA
"1131","2020-03-29",1,0,0,0,0,1,0,1,0,0,0,1,0,"Poschiavo",NA,NA
"1132","2020-03-30",2,0,0,0,2,0,1,1,0,0,0,2,0,"Poschiavo",NA,NA
"1133","2020-04-01",1,0,0,0,1,0,0,1,0,0,0,1,0,"Poschiavo",NA,NA
"1134","2020-04-16",1,0,0,1,0,0,1,0,0,0,0,0,1,"Poschiavo",NA,NA
"1135","2020-04-17",1,0,1,0,0,0,1,0,0,1,0,0,0,"Poschiavo",NA,NA
"1136","2020-04-18",1,0,1,0,0,0,1,0,0,0,0,0,1,"Poschiavo",NA,NA
"1137","2020-04-26",1,0,0,0,1,0,1,0,1,0,0,0,0,"Poschiavo",NA,NA
"1138","2020-05-15",1,0,1,0,0,0,0,1,0,0,0,0,1,"Poschiavo",NA,NA
"1139","2020-05-18",1,0,0,1,0,0,1,0,1,0,0,0,0,"Poschiavo",NA,NA
"1140","2020-05-19",2,0,0,1,1,0,1,1,0,0,1,1,0,"Poschiavo",NA,NA
"1141","2020-05-25",2,0,1,0,1,0,1,1,0,0,0,0,2,"Poschiavo",NA,NA
"1142","2020-05-27",1,0,0,0,1,0,0,1,0,1,0,0,0,"Poschiavo",NA,NA
"1143","2020-05-28",1,0,0,0,0,1,0,1,1,0,0,0,0,"Poschiavo",NA,NA
"1144","2020-05-30",1,0,0,0,0,1,0,1,1,0,0,0,0,"Poschiavo",NA,NA
"1145","2020-06-02",1,0,1,0,0,0,1,0,0,1,0,0,0,"Poschiavo",NA,NA
"1146","2020-06-06",1,0,1,0,0,0,1,0,0,1,0,0,0,"Poschiavo",NA,NA
"1147","2020-06-08",1,0,1,0,0,0,0,1,1,0,0,0,0,"Poschiavo",NA,NA
"1148","2020-06-09",2,0,1,0,1,0,1,1,1,0,0,1,0,"Poschiavo",NA,NA
"1149","2020-06-22",1,0,1,0,0,0,0,1,0,1,0,0,0,"Poschiavo",NA,NA
"1150","2020-06-23",1,0,1,0,0,0,0,1,0,0,1,0,0,"Poschiavo",NA,NA
"1151","2020-06-24",1,0,0,0,0,1,0,1,0,1,0,0,0,"Poschiavo",NA,NA
"1152","2020-06-26",2,0,1,0,0,1,0,2,0,0,1,1,0,"Poschiavo",NA,NA
"1153","2020-06-29",1,1,0,0,0,0,1,0,1,0,0,0,0,"Poschiavo",NA,NA
"1154","2020-07-01",1,0,0,0,1,0,0,1,1,0,0,0,0,"Poschiavo",NA,NA
"1155","2020-07-02",1,1,0,0,0,0,0,1,1,0,0,0,0,"Poschiavo",NA,NA
"1156","2020-07-03",1,0,0,0,0,1,0,1,0,0,1,0,0,"Poschiavo",NA,NA
"1157","2020-07-15",1,0,0,1,0,0,1,0,0,0,0,0,1,"Poschiavo",NA,NA
"1158","2020-07-16",1,0,1,0,0,0,0,1,0,0,0,1,0,"Poschiavo",NA,NA
"1159","2020-07-19",1,0,1,0,0,0,0,1,0,0,0,1,0,"Poschiavo",NA,NA
"1160","2020-07-20",1,0,0,0,0,1,0,1,1,0,0,0,0,"Poschiavo",NA,NA
"1161","2020-07-28",1,0,1,0,0,0,1,0,0,0,0,0,1,"Poschiavo",NA,NA
"1162","2020-07-30",1,0,1,0,0,0,0,1,0,0,0,0,1,"Poschiavo",NA,NA
"1163","2020-08-04",1,0,0,0,1,0,1,0,0,0,0,1,0,"Poschiavo",NA,NA
"1164","2020-08-10",1,0,1,0,0,0,0,1,0,1,0,0,0,"Poschiavo",NA,NA
"1165","2020-08-13",1,0,0,0,1,0,0,1,0,1,0,0,0,"Poschiavo",NA,NA
"1166","2020-08-23",1,0,0,0,1,0,1,0,1,0,0,0,0,"Poschiavo",NA,NA
"1167","2020-08-25",1,0,0,1,0,0,1,0,0,1,0,0,0,"Poschiavo",NA,NA
"1168","2020-09-09",1,0,1,0,0,0,0,1,0,0,0,0,1,"Poschiavo",NA,NA
"1169","2020-09-13",1,0,0,0,0,1,0,1,0,0,0,0,1,"Poschiavo",NA,NA
"1170","2020-09-17",1,1,0,0,0,0,1,0,1,0,0,0,0,"Poschiavo",NA,NA
"1171","2020-09-21",1,0,0,0,0,1,0,1,0,1,0,0,0,"Poschiavo",NA,NA
"1172","2020-09-22",2,0,0,0,0,2,0,2,0,0,2,0,0,"Poschiavo",NA,NA
"1173","2020-09-27",2,0,0,0,2,0,2,0,0,0,2,0,0,"Poschiavo",NA,NA
"1174","2020-10-04",4,0,0,1,2,1,1,3,0,1,2,1,0,"Poschiavo",NA,NA
"1175","2020-10-05",1,0,0,0,1,0,0,1,0,0,1,0,0,"Poschiavo",NA,NA
"1176","2020-10-07",1,0,1,0,0,0,1,0,0,0,1,0,0,"Poschiavo",NA,NA
"1177","2020-10-08",1,0,0,1,0,0,0,1,1,0,0,0,0,"Poschiavo",NA,NA
"1178","2020-10-12",1,0,0,1,0,0,0,1,1,0,0,0,0,"Poschiavo",NA,NA
"1179","2020-10-13",1,0,0,0,1,0,0,1,0,0,1,0,0,"Poschiavo",NA,NA
"1180","2020-10-22",1,0,0,1,0,0,0,1,0,0,0,1,0,"Poschiavo",NA,NA
"1181","2020-10-24",1,0,0,1,0,0,1,0,0,0,0,0,1,"Poschiavo",NA,NA
"1182","2020-10-28",1,0,0,0,1,0,1,0,0,0,0,1,0,"Poschiavo",NA,NA
"1183","2020-10-30",2,0,1,0,0,1,1,1,0,0,0,2,0,"Poschiavo",NA,NA
"1184","2020-10-31",1,0,0,1,0,0,1,0,0,0,0,1,0,"Poschiavo",NA,NA
"1185","2020-11-02",1,0,1,0,0,0,0,1,0,0,0,0,1,"Poschiavo",NA,NA
"1186","2020-11-04",2,0,0,1,1,0,1,1,1,0,0,1,0,"Poschiavo",NA,NA
"1187","2020-11-05",1,0,1,0,0,0,0,1,0,1,0,0,0,"Poschiavo",NA,NA
"1188","2020-11-06",1,0,0,0,1,0,1,0,0,0,0,1,0,"Poschiavo",NA,NA
"1189","2020-11-08",1,0,0,0,1,0,0,1,0,0,0,1,0,"Poschiavo",NA,NA
"1190","2020-11-10",1,0,0,1,0,0,0,1,0,0,0,1,0,"Poschiavo",NA,NA
"1191","2020-11-12",1,0,0,0,1,0,1,0,0,0,0,0,1,"Poschiavo",NA,NA
"1192","2020-11-15",1,0,0,0,1,0,1,0,0,0,0,1,0,"Poschiavo",NA,NA
"1193","2020-11-17",1,0,0,0,0,1,1,0,1,0,0,0,0,"Poschiavo",NA,NA
"1194","2020-11-18",2,0,2,0,0,0,1,1,1,0,0,1,0,"Poschiavo",NA,NA
"1195","2020-11-19",1,0,1,0,0,0,0,1,0,0,0,1,0,"Poschiavo",NA,NA
"1196","2020-11-23",1,0,0,0,1,0,1,0,0,0,0,0,1,"Poschiavo",NA,NA
"1197","2020-11-24",1,0,1,0,0,0,1,0,0,0,0,1,0,"Poschiavo",NA,NA
"1198","2020-11-25",1,0,1,0,0,0,0,1,0,0,1,0,0,"Poschiavo",NA,NA
"1199","2020-12-01",2,0,1,0,1,0,2,0,0,0,0,1,1,"Poschiavo",NA,NA
"1200","2020-12-02",3,0,0,0,0,3,1,2,0,0,1,2,0,"Poschiavo",NA,NA
"1201","2020-12-03",1,0,0,1,0,0,0,1,0,0,0,1,0,"Poschiavo",NA,NA
"1202","2020-12-07",1,0,1,0,0,0,0,1,0,0,0,1,0,"Poschiavo",NA,NA
"1203","2020-12-09",1,0,1,0,0,0,1,0,0,0,0,1,0,"Poschiavo",NA,NA
"1204","2020-12-14",2,0,1,0,1,0,1,1,0,0,0,2,0,"Poschiavo",NA,NA
"1205","2020-12-17",1,0,0,0,1,0,1,0,0,0,0,1,0,"Poschiavo",NA,NA
"1206","2020-12-19",1,0,0,0,1,0,1,0,0,0,0,1,0,"Poschiavo",NA,NA
"1207","2020-12-23",1,0,0,0,1,0,1,0,0,0,0,1,0,"Poschiavo",NA,NA
"1208","2020-12-27",1,0,1,0,0,0,1,0,0,0,0,0,1,"Poschiavo",NA,NA
"1209","2020-12-28",1,0,0,0,1,0,0,1,0,0,1,0,0,"Poschiavo",NA,NA
"1210","2020-12-29",1,0,0,1,0,0,1,0,0,0,0,1,0,"Poschiavo",NA,NA
"1211","2021-01-01",1,0,0,0,0,1,1,0,0,0,1,0,0,"Poschiavo",NA,NA
"1212","2021-01-06",1,0,0,0,1,0,0,1,0,0,1,0,0,"Poschiavo",NA,NA
"1213","2021-01-07",1,0,0,0,1,0,1,0,0,0,1,0,0,"Poschiavo",NA,NA
"1214","2021-01-10",1,0,1,0,0,0,0,1,0,1,0,0,0,"Poschiavo",NA,NA
"1215","2021-01-19",1,0,0,0,1,0,1,0,0,0,1,0,0,"Poschiavo",NA,NA
"1216","2021-01-20",1,0,0,0,1,0,1,0,0,0,1,0,0,"Poschiavo",NA,NA
"1217","2021-01-23",1,0,0,1,0,0,0,1,0,1,0,0,0,"Poschiavo",NA,NA
"1218","2021-01-24",1,1,0,0,0,0,1,0,0,0,0,1,0,"Poschiavo",NA,NA
"1219","2021-01-28",1,0,1,0,0,0,1,0,0,1,0,0,0,"Poschiavo",NA,NA
"1220","2021-02-04",1,0,1,0,0,0,0,1,0,0,0,1,0,"Poschiavo",NA,NA
"1221","2021-02-05",1,0,0,0,1,0,1,0,0,0,0,1,0,"Poschiavo",NA,NA
"1222","2021-02-15",2,1,0,0,0,1,1,1,1,0,1,0,0,"Poschiavo",NA,NA
"1223","2021-02-16",1,0,0,0,0,1,1,0,0,0,1,0,0,"Poschiavo",NA,NA
"1224","2021-02-20",1,0,0,0,1,0,1,0,0,0,0,1,0,"Poschiavo",NA,NA
"1225","2021-03-03",1,0,1,0,0,0,1,0,1,0,0,0,0,"Poschiavo",NA,NA
"1226","2021-03-05",1,0,1,0,0,0,1,0,0,0,1,0,0,"Poschiavo",NA,NA
"1227","2021-03-11",1,0,0,1,0,0,0,1,0,0,1,0,0,"Poschiavo",NA,NA
"1228","2021-03-12",3,0,3,0,0,0,1,2,0,1,1,0,1,"Poschiavo",NA,NA
"1229","2021-03-15",2,0,0,2,0,0,0,2,0,0,0,2,0,"Poschiavo",NA,NA
"1230","2021-03-20",2,0,0,1,0,1,1,1,0,0,1,1,0,"Poschiavo",NA,NA
"1231","2021-04-01",1,0,1,0,0,0,0,1,0,0,0,0,1,"Poschiavo",NA,NA
"1232","2021-04-06",1,0,0,0,0,1,0,1,0,0,1,0,0,"Poschiavo",NA,NA
"1233","2021-04-08",1,0,0,0,1,0,0,1,0,0,0,1,0,"Poschiavo",NA,NA
"1234","2021-04-10",1,0,0,0,0,1,1,0,0,1,0,0,0,"Poschiavo",NA,NA
"1235","2021-04-23",1,0,0,1,0,0,0,1,0,0,0,0,1,"Poschiavo",NA,NA
"1236","2021-04-30",4,0,2,1,1,0,4,0,0,1,3,0,0,"Poschiavo",NA,NA
"1237","2021-05-02",1,0,0,1,0,0,1,0,0,0,0,1,0,"Poschiavo",NA,NA
"1238","2021-05-08",1,0,0,0,1,0,0,1,1,0,0,0,0,"Poschiavo",NA,NA
"1239","2021-05-09",1,0,0,1,0,0,1,0,0,0,1,0,0,"Poschiavo",NA,NA
"1240","2021-05-14",1,0,1,0,0,0,0,1,0,1,0,0,0,"Poschiavo",NA,NA
"1241","2021-05-15",2,0,1,0,0,1,0,2,0,2,0,0,0,"Poschiavo",NA,NA
"1242","2021-05-18",1,0,0,0,1,0,0,1,0,0,1,0,0,"Poschiavo",NA,NA
"1243","2021-05-19",1,0,1,0,0,0,1,0,0,0,1,0,0,"Poschiavo",NA,NA
"1244","2021-05-26",1,0,0,1,0,0,1,0,0,1,0,0,0,"Poschiavo",NA,NA
"1245","2021-06-05",1,0,0,1,0,0,0,1,0,0,0,0,1,"Poschiavo",NA,NA
"1246","2021-06-10",1,0,0,0,1,0,1,0,0,1,0,0,0,"Poschiavo",NA,NA
"1247","2021-06-12",1,0,0,0,0,1,0,1,1,0,0,0,0,"Poschiavo",NA,NA
"1248","2021-06-14",1,0,0,0,0,1,1,0,0,0,0,0,1,"Poschiavo",NA,NA
"1249","2021-06-16",1,0,1,0,0,0,0,1,0,0,0,1,0,"Poschiavo",NA,NA
"1250","2021-06-17",1,0,1,0,0,0,0,1,0,1,0,0,0,"Poschiavo",NA,NA
"1251","2021-06-18",1,0,1,0,0,0,0,1,0,1,0,0,0,"Poschiavo",NA,NA
"1252","2021-06-26",1,0,1,0,0,0,1,0,1,0,0,0,0,"Poschiavo",NA,NA
"1253","2021-06-28",1,1,0,0,0,0,0,1,0,0,0,1,0,"Poschiavo",NA,NA
"1254","2021-06-30",2,0,0,0,1,1,2,0,0,0,2,0,0,"Poschiavo",NA,NA
"1255","2021-07-02",1,0,0,0,1,0,0,1,0,1,0,0,0,"Poschiavo",NA,NA
"1256","2021-07-03",1,0,1,0,0,0,1,0,0,0,0,0,1,"Poschiavo",NA,NA
"1257","2021-07-06",1,0,1,0,0,0,0,1,0,1,0,0,0,"Poschiavo",NA,NA
"1258","2021-07-12",1,0,0,0,0,1,0,1,0,0,1,0,0,"Poschiavo",NA,NA
"1259","2021-07-13",1,0,0,0,0,1,1,0,0,0,0,1,0,"Poschiavo",NA,NA
"1260","2021-07-22",1,0,0,1,0,0,1,0,0,0,0,0,1,"Poschiavo",NA,NA
"1261","2021-07-23",2,0,2,0,0,0,0,2,0,2,0,0,0,"Poschiavo",NA,NA
"1262","2021-07-24",1,0,1,0,0,0,0,1,0,0,0,0,1,"Poschiavo",NA,NA
"1263","2021-07-28",1,0,0,0,1,0,1,0,0,0,0,0,1,"Poschiavo",NA,NA
"1264","2021-08-02",1,0,0,0,0,1,0,1,0,0,1,0,0,"Poschiavo",NA,NA
"1265","2021-08-05",1,0,0,1,0,0,0,1,0,0,0,0,1,"Poschiavo",NA,NA
"1266","2021-08-11",1,0,0,0,1,0,1,0,0,0,0,1,0,"Poschiavo",NA,NA
"1267","2021-08-18",3,1,0,0,1,1,1,2,0,0,0,3,0,"Poschiavo",NA,NA
"1268","2021-08-19",1,0,0,0,1,0,1,0,0,0,1,0,0,"Poschiavo",NA,NA
"1269","2021-08-22",1,0,0,0,0,1,1,0,1,0,0,0,0,"Poschiavo",NA,NA
"1270","2021-08-23",1,0,0,1,0,0,1,0,0,1,0,0,0,"Poschiavo",NA,NA
"1271","2021-08-26",1,0,0,0,1,0,1,0,0,0,0,1,0,"Poschiavo",NA,NA
"1272","2021-08-29",1,0,1,0,0,0,0,1,0,1,0,0,0,"Poschiavo",NA,NA
"1273","2021-09-01",1,0,1,0,0,0,0,1,0,0,0,1,0,"Poschiavo",NA,NA
"1274","2021-09-02",1,0,1,0,0,0,1,0,0,0,0,0,1,"Poschiavo",NA,NA
"1275","2021-09-04",2,0,0,0,1,1,0,2,0,0,2,0,0,"Poschiavo",NA,NA
"1276","2021-09-05",1,0,0,0,0,1,0,1,0,0,0,1,0,"Poschiavo",NA,NA
"1277","2021-09-07",1,0,0,0,0,1,0,1,0,0,1,0,0,"Poschiavo",NA,NA
"1278","2021-09-08",2,1,1,0,0,0,2,0,0,0,0,1,1,"Poschiavo",NA,NA
"1279","2021-09-09",1,0,0,1,0,0,1,0,0,0,0,0,1,"Poschiavo",NA,NA
"1280","2021-09-10",1,0,1,0,0,0,1,0,0,0,0,0,1,"Poschiavo",NA,NA
"1281","2021-09-13",1,0,0,1,0,0,0,1,0,1,0,0,0,"Poschiavo",NA,NA
"1282","2021-09-14",1,0,1,0,0,0,0,1,0,0,1,0,0,"Poschiavo",NA,NA
"1283","2021-09-18",1,0,1,0,0,0,1,0,1,0,0,0,0,"Poschiavo",NA,NA
"1284","2021-09-19",1,1,0,0,0,0,0,1,0,0,0,1,0,"Poschiavo",NA,NA
"1285","2021-09-25",1,0,1,0,0,0,0,1,1,0,0,0,0,"Poschiavo",NA,NA
"1286","2021-09-28",1,0,0,0,0,1,0,1,1,0,0,0,0,"Poschiavo",NA,NA
"1287","2021-09-29",1,0,1,0,0,0,1,0,0,0,0,0,1,"Poschiavo",NA,NA
"1288","2021-10-02",2,0,0,2,0,0,0,2,0,1,0,1,0,"Poschiavo",NA,NA
"1289","2021-10-08",1,0,0,0,0,1,0,1,0,0,1,0,0,"Poschiavo",NA,NA
"1290","2021-10-13",2,0,0,0,2,0,2,0,0,0,0,0,2,"Poschiavo",NA,NA
"1291","2021-10-16",1,0,0,0,1,0,1,0,0,0,1,0,0,"Poschiavo",NA,NA
"1292","2021-10-20",1,0,0,1,0,0,0,1,0,0,0,1,0,"Poschiavo",NA,NA
"1293","2021-10-22",1,0,1,0,0,0,1,0,1,0,0,0,0,"Poschiavo",NA,NA
"1294","2021-10-24",1,0,1,0,0,0,1,0,1,0,0,0,0,"Poschiavo",NA,NA
"1295","2021-10-25",1,0,1,0,0,0,1,0,0,0,1,0,0,"Poschiavo",NA,NA
"1296","2021-10-27",1,0,0,0,1,0,1,0,0,0,0,1,0,"Poschiavo",NA,NA
"1297","2021-10-29",2,1,0,0,0,1,2,0,2,0,0,0,0,"Poschiavo",NA,NA
"1298","2021-10-30",1,0,0,0,0,1,1,0,0,0,0,0,1,"Poschiavo",NA,NA
"1299","2021-10-31",1,0,1,0,0,0,1,0,1,0,0,0,0,"Poschiavo",NA,NA
"1300","2021-11-04",1,0,1,0,0,0,1,0,0,0,0,0,1,"Poschiavo",NA,NA
"1301","2021-11-12",1,0,0,0,0,1,0,1,0,0,1,0,0,"Poschiavo",NA,NA
"1302","2021-11-15",1,0,0,0,1,0,1,0,1,0,0,0,0,"Poschiavo",NA,NA
"1303","2021-11-16",1,0,0,0,1,0,1,0,1,0,0,0,0,"Poschiavo",NA,NA
"1304","2021-11-18",3,0,1,0,0,2,1,2,0,1,1,0,1,"Poschiavo",NA,NA
"1305","2021-11-19",1,0,0,0,0,1,0,1,0,0,1,0,0,"Poschiavo",NA,NA
"1306","2021-11-24",1,0,1,0,0,0,1,0,0,1,0,0,0,"Poschiavo",NA,NA
"1307","2021-11-26",1,0,0,0,1,0,1,0,0,0,0,1,0,"Poschiavo",NA,NA
"1308","2021-11-27",1,0,0,0,1,0,0,1,0,0,1,0,0,"Poschiavo",NA,NA
"1309","2021-11-28",1,0,0,0,0,1,0,1,1,0,0,0,0,"Poschiavo",NA,NA
"1310","2021-11-30",1,0,1,0,0,0,0,1,0,0,0,1,0,"Poschiavo",NA,NA
"1311","2021-12-01",1,0,0,0,0,1,0,1,0,0,1,0,0,"Poschiavo",NA,NA
"1312","2021-12-03",1,0,0,1,0,0,1,0,0,0,1,0,0,"Poschiavo",NA,NA
"1313","2021-12-05",2,2,0,0,0,0,2,0,0,0,0,2,0,"Poschiavo",NA,NA
"1314","2021-12-09",1,0,1,0,0,0,0,1,0,0,0,1,0,"Poschiavo",NA,NA
"1315","2021-12-12",1,0,1,0,0,0,1,0,0,0,0,0,1,"Poschiavo",NA,NA
"1316","2021-12-15",1,0,1,0,0,0,0,1,0,0,1,0,0,"Poschiavo",NA,NA
"1317","2021-12-16",1,0,1,0,0,0,0,1,0,0,0,1,0,"Poschiavo",NA,NA
"1318","2021-12-26",1,0,0,0,1,0,0,1,0,0,1,0,0,"Poschiavo",NA,NA
